poll,item,raw,lca,standard,lca_converged,gof_p_value
Australia Constitutional Referendum,item1,0.5677233429394812,0.5864552480325101,0.6176753121998079,TRUE,0.7211856152926212
Australia Constitutional Referendum,item2,0.4553314121037464,0.5736383765215992,0.5177713736791546,TRUE,0.8405722280961866
Australia Constitutional Referendum,item3,0.08069164265129683,0.007829230910219859,0.05955811719500478,TRUE,0.06242046903766753
Australia Constitutional Referendum,item4,0.5129682997118156,0.6251081702730047,0.7550432276657061,TRUE,0.11115745941172653
Australia Constitutional Referendum,item5,0.05187319884726225,0.051873695847875254,0.05187319884726225,TRUE,0.04394835867907938
Australia Constitutional Referendum,item6,0.01729106628242075,0.016112150979138044,-0.01440922190201729,TRUE,0.011927272793981012
Australia Constitutional Referendum,item7,0.5360230547550432,0.6797551758973246,0.659221902017291,TRUE,0.0023857580264688995
Australia Constitutional Referendum,item8,0.2507204610951009,0.6508852103861791,0.3025936599423631,TRUE,0.04739406497353952
Australia Constitutional Referendum,item9,0.16138328530259366,0.6340050651389498,0.22037252267238142,TRUE,0.3340383199763679
Australia Constitutional Referendum,item10,0.2017291066282421,0.5653400995252023,0.2808610104169817,TRUE,0.009920558371602498
BTP 2004 Primaries,item1,0.021341463414634148,0.03775783264077582,0.025406504065040678,TRUE,0.24058428125516274
BTP 2004 Primaries,item2,0.04573170731707317,0.026066643903061782,0.03252032520325205,TRUE,0.007397338677901364
BTP 2004 Primaries,item3,0.06402439024390244,0.04234414833401993,0.057926829268292686,TRUE,0.0013472653572595772
BTP 2004 Primaries,item4,-0.024390243902439025,4.233072251333677e-8,-0.03861788617886176,TRUE,0.011142971755882077
BTP 2004 Primaries,item5,-0.012195121951219513,0.059866558653405566,0.03285402257007645,TRUE,0.02729834365133331
BTP 2004 Primaries,item6,-0.03353658536585366,0.1071767124666461,-0.008130081300813066,TRUE,0.11235563122132845
BTP 2004 Primaries,item7,0.13109756097560976,0.14717308056075853,0.13710411357844923,TRUE,0.027758662172406585
BTP 2004 General Election,item1,0.156,0.155999790638897,0.156,TRUE,0.19770274063198987
BTP 2004 General Election,item2,0.052,0.04197819120332534,0.04666666666666668,TRUE,0.1018934411822093
BTP 2004 General Election,item3,0.144,0.1852610209397358,0.248,TRUE,0.2807756573430376
BTP 2004 General Election,item4,-0.012,0.029006483465997077,-0.008,TRUE,0.19420050091184315
BTP 2004 General Election,item5,-0.008,0.010118474322163553,-0.024,TRUE,0.03320291505627881
BTP 2004 General Election,item6,0.056,0.08599998922693655,0.05733333333333326,TRUE,0.13568748038887532
BTP 2004 General Election,item7,0.04,6.440667097034615e-7,0.036,TRUE,0.7377954293192908
BTP 2004 General Election,item8,0.064,0.06657137330778463,0.068,TRUE,0.00666023378625512
BTP 2004 General Election,item9,0.144,0.22438792940204416,0.17333333333333337,TRUE,0.28615527788936757
BTP 2005,item1,-0.006607929515418502,0.005926870187879991,-0.011013215859030838,TRUE,0.058551386741050496
BTP 2005,item2,0.06387665198237885,0.06895971603895786,0.08340456308764549,TRUE,9.687001079865861e-4
BTP 2005,item3,-0.028634361233480177,0.0129207776726536,-0.05901111184167267,TRUE,0.026333649005645204
BTP 2005,item4,0.14977973568281938,0.17905538545125296,0.17345814977973567,TRUE,0.6819661330531785
BTP 2005,item5,0.013215859030837005,0.019397952646255316,0.016886930983847293,TRUE,0.8675697811573425
BTP 2005,item6,0.019823788546255508,0.037960345012714676,0.03303964757709251,TRUE,0.01734277733240729
BTP 2007,item1,0.029900332225913623,0.030830590822331267,0.015503875968992263,TRUE,0.2897971111411652
BTP 2007,item2,0.08305647840531562,0.09634565840237161,0.08527131782945734,TRUE,0.17970954066680123
BTP 2007,item3,0.08305647840531562,0.09573607851307632,0.09745293466223699,TRUE,0.0011853341066986591
BTP 2007,item4,0.21926910299003322,0.22148397085203975,0.22369878183831676,TRUE,0.5807578692481108
BTP 2007,item5,0.2159468438538206,0.25556825933622807,0.2668881506090809,TRUE,0.724159296510846
BTP 2007,item6,0.046511627906976744,0.06378734620435743,0.060908084163898146,TRUE,0.3345233539802966
BTP 2007,item7,0.15282392026578073,0.16362227961191086,0.15614617940199335,TRUE,0.16540092838135756
BTP 2007,item8,0.0664451827242525,0.08401545521353035,0.07087486157253593,TRUE,0.015847016027039678
Bulgaria,item1,0.017985611510791366,0.008090066133328508,-0.039568345323741004,TRUE,0.0012715409038216443
Bulgaria,item2,0.01079136690647482,0.036458101062464165,-0.025179856115107913,TRUE,0.3588153796403582
Bulgaria,item3,0.06474820143884892,0.06087159767629911,0.0539568345323741,TRUE,0.7533906356110665
Bulgaria,item4,0.3381294964028777,0.3621129512525578,0.420863309352518,TRUE,0.24229074285174132
Bulgaria,item5,0.025179856115107913,0.04859103550582184,0.014388489208633094,TRUE,0.21411409335362908
Bulgaria,item6,0.0683453237410072,0.04426024197965015,0.02877697841726619,TRUE,0.16523206779081698
Bulgaria,item7,0.12589928057553956,0.014886571550072003,0.07194244604316546,TRUE,0.6648654118308744
California Referendum,item1,0.14463840399002495,0.19451437095035934,0.16920385603156293,TRUE,0.0454998540928415
California Referendum,item2,0.18703241895261846,0.22923463250454285,0.20054341757546437,TRUE,0.521691819158214
California Referendum,item3,0.30174563591022446,0.4342289311045625,0.33000831255195345,TRUE,0.2882550365097603
California Referendum,item4,0.3790523690773067,0.5459085768632952,0.41729010806317535,TRUE,0.9520916718837134
California Referendum,item5,0.04239401496259352,0.02718777525978106,0.038237738985868686,TRUE,0.26348985835788735
CPL,item1,0.48148148148148145,0.5386241252184922,0.5260326352763328,TRUE,0.10906817468198728
CPL,item2,0.018518518518518517,0.04313963242528528,0.009273141207174197,TRUE,0.5111639311105127
CPL,item3,-0.027777777777777776,2.125048395662517e-7,-0.09018407462935196,TRUE,0.034862406324122915
CPL,item4,0.12962962962962962,0.13611421105631533,0.13194097395746562,TRUE,0.5581831225483243
CPL,item5,0.49537037037037035,0.5013228648792676,0.5,TRUE,0.778159482095009
CPL,item6,0.10648148148148148,0.10783179129511902,0.1281116297160638,TRUE,0.2798946464123282
CPL,item7,-0.0787037037037037,3.862199776199103e-8,-0.11921296296296297,TRUE,8.815493821367461e-5
Denmark,item1,0.36639118457300274,0.5573917424477745,0.4379091446012532,TRUE,0.015677653613934018
Denmark,item2,0.06887052341597796,0.13475778085417028,0.07849794111208859,TRUE,0.372917967004405
Denmark,item3,0.17079889807162535,0.2739865991121825,0.2231404958677686,TRUE,0.9556856547886678
Denmark,item4,0.36363636363636365,0.45117828606532573,0.41138659320477505,TRUE,0.22907759571637346
Denmark,item5,0.05785123966942149,0.08253467364415569,0.06427915518824605,TRUE,0.23731060941442814
Denmark,item6,0.3856749311294766,0.7592279187579313,0.4894398530762167,TRUE,0.7805107035898752
Denmark,item7,0.1349862258953168,0.4501384947811862,0.27823691460055094,TRUE,0.490690134523894
Denmark,item8,0.2699724517906336,0.3874575732356883,0.509641873278237,TRUE,0.08199247205833861
Denmark,item9,0.07713498622589532,0.13402797025845373,0.14600550964187328,TRUE,0.13417521813661756
EU 2007,item1,0.41194029850746267,0.5470820882264359,0.4945273631840796,TRUE,0.5721719903708254
EU 2007,item2,0.2298507462686567,0.3160452591068803,0.2716417910447761,TRUE,0.4651990706544205
EU 2007,item3,0.11044776119402985,0.09429759658406833,0.08557213930348258,TRUE,0.35849363998112754
EU 2007,item4,0.1761194029850746,0.16653935466608033,0.1731343283582089,TRUE,0.21571749547440888
EU 2007,item5,0.23582089552238805,0.4077542217168133,0.2825870646766169,TRUE,0.002687252828576021
EU 2007,item6,0.1044776119402985,0.1207917467287807,0.10820895522388059,TRUE,0.606155383744749
EU 2007,item7,0.22388059701492538,0.26843736346620306,0.2455223880597015,TRUE,0.14567161301178458
EU 2007,item8,0.15223880597014924,0.17177495121726732,0.17313432835820897,TRUE,0.730303963545574
EU 2007,item9,0.10149253731343283,0.1455111399509162,0.13930348258706474,TRUE,0.09361638902029942
EU 2007,item10,0.0955223880597015,0.11651058624757354,0.11343283582089553,TRUE,0.0745552519761318
EU 2007,item11,0.1582089552238806,0.16134490768459814,0.17412935323383083,TRUE,0.6248309978932794
EU 2009,item1,0.13505747126436782,0.13871470546225068,0.14846743295019157,TRUE,0.6551945794270357
EU 2009,item2,0.1206896551724138,0.11946678417087502,0.11781609195402298,TRUE,0.5685897297379453
EU 2009,item3,0.23850574712643677,0.217466025537578,0.19157088122605365,TRUE,0.198864262513296
EU 2009,item4,0.25,0.3022863962150595,0.3017241379310345,TRUE,0.7352944649696859
EU 2009,item5,0.07758620689655173,0.05680639458945587,0.05938697318007662,TRUE,0.13572211547749796
EU 2009,item6,0.1724137931034483,0.2593723771810933,0.2318007662835249,TRUE,2.2661940695222773e-5
Northern Ireland,item1,0.11290322580645161,0.15322583679299645,0.13978494623655915,TRUE,0.36105376029340375
Northern Ireland,item2,0.2903225806451613,0.3374690132657761,0.3286290322580645,TRUE,0.9141429430530275
Northern Ireland,item3,0.5403225806451613,0.6140553982724937,0.6693548387096774,TRUE,0.18402309217111115
Northern Ireland,item4,0.3387096774193548,0.38490146929810876,0.3763440860215054,TRUE,0.3597582666687048
Northern Ireland,item5,0.14516129032258066,0.15786290348596071,0.16397849462365596,TRUE,0.5963594204347608
Northern Ireland,item6,0.5645161290322581,0.6025343176924487,0.6973811481356096,TRUE,0.5408175581101332
Northern Ireland,item7,0.008064516129032258,0.012823606312229006,-0.016129032258064516,TRUE,0.22928012666491154
Michigan,item1,0.17096774193548386,0.19008724423507878,0.2967741935483871,TRUE,0.9195946225338709
Michigan,item2,0.09032258064516129,0.08058090292703088,0.07419354838709677,TRUE,0.21265215958700692
Michigan,item3,0.035483870967741936,0.031310128122068154,-0.0064516129032258064,TRUE,0.4341553667405596
Michigan,item4,0.07419354838709677,0.00686214350550801,-0.10430107526881718,TRUE,0.007365359781186195
Michigan,item5,0.012903225806451613,2.2637137733319645e-7,-0.01935483870967742,TRUE,0.20287977238804364
Michigan,item6,0.1,0.07956993487930981,0.0742386645612452,TRUE,0.5003402938676096
Michigan,item7,0.07741935483870968,0.05774717177107437,0.025896683961200085,TRUE,0.8265448942200038
Michigan,item8,0.22258064516129034,0.2763057387330674,0.3556808782615234,TRUE,0.5640641591387113
Michigan,item9,0.0967741935483871,0.06565472194083836,0.04525152267087755,TRUE,0.580428416294607
NIC,item1,0.19313304721030042,0.23341363292981487,0.33905579399141633,TRUE,0.5294042749044013
NIC,item2,-0.002145922746781116,1.4348469095993937e-7,-0.03648068669527897,TRUE,0.4985602188668141
NIC,item3,0.006437768240343348,0.09061755059769751,0.027896995708154508,TRUE,0.0017314890780064577
NIC,item4,0.060085836909871244,0.04210919381294581,0.04291845493562232,TRUE,0.013539580581400595
NIC,item5,0.1351931330472103,0.14517911708470688,0.14234620886981403,TRUE,0.011713913962902696
NIC,item6,0.20815450643776823,0.8794412211874628,0.24964234620886977,TRUE,0.29647888574812725
NIC,item7,0.06437768240343347,0.07597324526085619,0.0821125500777943,TRUE,0.011374761127820212
NIC,item8,0.06652360515021459,0.07946932490329127,0.07942169073156795,TRUE,0.16981865434559762
San Mateo,item1,0.08368200836820083,0.04019632277969665,0.04602510460251046,TRUE,0.701185037150628
San Mateo,item2,-0.029288702928870293,7.23385708035487e-11,-0.06589958158995816,TRUE,0.0027375116818213643
San Mateo,item3,0.2384937238493724,0.2759633260313956,0.2698744769874477,TRUE,0.10451516959047774
San Mateo,item4,0.17573221757322174,0.2092050410811086,0.18723849372384938,TRUE,0.8796763767619299
San Mateo,item5,0.2594142259414226,0.25234449379908075,0.24476987447698745,TRUE,0.5937747419986132
San Mateo,item6,0.10460251046025104,0.09113361292277185,0.07740585774058577,TRUE,0.34565506450718897
San Mateo,item7,0.13389121338912133,0.10021871711789426,0.11576011157601118,TRUE,0.5829433632751704
San Mateo,item8,-0.058577405857740586,2.829063101738849e-9,-0.1087866108786611,TRUE,1.3058095226200048e-5
SWEPCO,item1,0.29310344827586204,0.37296458956840145,0.318163472285466,TRUE,5.398631641153702e-4
SWEPCO,item2,-0.12931034482758622,3.3014358499894846e-8,-0.19817246549139225,TRUE,0.0014155649506076885
SWEPCO,item3,0.3577586206896552,0.5106491950728451,0.5019386858294991,TRUE,0.5918373556091499
SWEPCO,item4,0.09482758620689655,0.12253695395330264,0.10558729256061622,TRUE,0.5989758978310639
SWEPCO,item5,0.39655172413793105,0.15948311905496745,0.3807286846658351,TRUE,0.07955143174133965
UK BGE,item1,0.06545454545454546,0.11462761689058842,0.12727272727272726,TRUE,0.10201319553567256
UK BGE,item2,0.20727272727272728,0.28996090342580155,0.3527272727272727,TRUE,0.012740405636272673
UK BGE,item3,0.14909090909090908,0.20384622654111476,0.2545454545454545,TRUE,0.0783289935340176
UK BGE,item4,-0.02181818181818182,1.1491408880383989e-7,-0.04090909090909091,TRUE,0.13487963718379692
UK BGE,item5,0.014545454545454545,0.03025252508955299,0.02,TRUE,0.2554386618955233
UK BGE,item6,0.05090909090909091,0.08126474404019013,0.09454545454545454,TRUE,0.8780425801637016
UK BGE,item7,-0.0036363636363636364,0.017308342513955872,-0.006363636363636364,TRUE,0.06763959876944615
UK BGE,item8,0.06545454545454546,0.2220605564407733,0.11727272727272728,TRUE,0.3389865780187299
UK BGE,item9,-0.07272727272727272,0.00844265620949023,-0.1190909090909091,TRUE,0.025874094393556507
UK BGE,item10,-0.007272727272727273,0.018129472755554363,-0.007272727272727273,TRUE,0.1536543851950033
UK BGE,item11,0.1709090909090909,0.28272714541290395,0.28272727272727266,TRUE,0.015725269108777622
UK BGE,item12,0.2545454545454545,0.43863638546562017,0.3772727272727272,TRUE,0.7957491646519935
UK BGE,item13,0.22181818181818183,0.5046459653915206,0.31727272727272726,TRUE,0.18367695776645043
UK BGE,item14,0.1890909090909091,0.29409098017039176,0.22727272727272727,TRUE,0.6656638947727742
UK BGE,item15,0.2581818181818182,0.3542522188349071,0.3645454545454545,TRUE,5.458042408333999e-4
UK Crime,item1,-0.056856187290969896,0.0057134022001843416,-0.08361204013377926,TRUE,0.05189724703443236
UK Crime,item2,0.3010033444816054,0.40611561700189724,0.33444816053511706,TRUE,0.03880713006798018
UK Crime,item3,0.3779264214046823,0.4398977814824346,0.49498327759197325,TRUE,0.1772266258634358
UK Crime,item4,0.09364548494983277,0.12912149440030862,0.13043478260869565,TRUE,0.507629069544236
UK Crime,item5,-0.023411371237458192,6.972636741383983e-8,-0.046822742474916385,TRUE,0.056637539963191964
UK Crime,item6,-0.026755852842809364,0.00964361213523033,-0.07692307692307693,TRUE,0.020173200565059838
UK Crime,item7,-0.0033444816053511705,0.0018926838197604109,-0.03678929765886288,TRUE,0.0706331955266826
UK EU,item1,0.4017857142857143,0.5282733921441098,0.47767857142857145,TRUE,0.1868577396749732
UK EU,item2,0.2544642857142857,0.3107141557167207,0.3080357142857143,TRUE,0.26230462184859266
UK EU,item3,0.05803571428571429,5.2920458589817e-7,0.013392857142857142,TRUE,0.04837575315535599
UK EU,item4,0.05357142857142857,0.19642861821473245,0.09375,TRUE,0.0017812939145253677
UK EU,item5,0.24553571428571427,0.3419645903573026,0.32589285714285715,TRUE,0.6918007508220481
UK Health,item1,0.06956521739130435,0.10760858611654514,0.07391304347826087,TRUE,0.35061933170980963
UK Health,item2,0.017391304347826087,0.06521014618946527,0.034782608695652174,TRUE,0.8759950706899061
UK Health,item3,0.0391304347826087,0.0460872126410158,0.043478260869565216,TRUE,0.039149540058151036
UK Health,item4,0.030434782608695653,0.08757761025031147,0.06521739130434782,TRUE,0.0566101737682064
UK Health,item5,0.1826086956521739,0.20482542826322403,0.3565217391304348,TRUE,0.5923940191707101
UK Health,item6,0.13478260869565217,0.2208679347704504,0.23043478260869565,TRUE,0.844675948451537
UK Monarchy,item1,-0.031007751937984496,0.007751927449927266,-0.046511627906976744,TRUE,0.0951082007127265
UK Monarchy,item2,0.10077519379844961,0.1432070944267153,0.13178294573643412,TRUE,0.17440851681097283
UK Monarchy,item3,0,8.244409636679087e-11,0,TRUE,0.9995107662060976
UK Monarchy,item4,0.011627906976744186,0.004552461159453893,-0.015503875968992248,TRUE,0.09600848694452625
UK Monarchy,item5,0.08139534883720931,0.12432915122123825,0.12790697674418605,TRUE,0.2715456265145621
UK Monarchy,item6,0.10852713178294573,0.3062006532074589,0.1744186046511628,TRUE,0.6055773868381161
UK Monarchy,item7,0.43410852713178294,0.5147286352858047,0.6356589147286822,TRUE,0.1644300873675118
UK Monarchy,item8,0.5116279069767442,0.5930250928447707,0.6627906976744186,TRUE,0.35719691142427995
Vermont,item1,0.3561643835616438,0.35617013216998394,0.3082191780821918,TRUE,0.9997042522319974
Vermont,item2,0.3493150684931507,0.22211395507644796,0.3270547945205479,TRUE,0.022533870299289778
Vermont,item3,0.17123287671232876,0.1277195531335928,0.1095890410958904,TRUE,0.38028345183376855
Vermont,item4,0.5136986301369864,0.5445210460182159,0.5753424657534246,TRUE,0.6592420968039904
Vermont,item5,0.4520547945205479,0.513698429256805,0.4863013698630137,TRUE,0.8545343606584821
Vermont,item6,0.3972602739726027,0.3047945085051763,0.273972602739726,TRUE,0.9993717219818975
Vermont,item7,0.4931506849315068,0.6301370792768288,0.5787671232876712,TRUE,0.18434559519638785
Vermont,item8,0.2876712328767123,0.3809524886712879,0.3378995433789954,TRUE,0.24802737182939993
Vermont,item9,0.5547945205479452,0.8748054434146715,0.6004566210045661,TRUE,0.9985320009540631
WTU,item1,0.4391304347826087,0.5440994522153699,0.48445639125215295,TRUE,0.11793589104513408
WTU,item2,0.05652173913043478,0.06608712232364883,0.08256958477283095,TRUE,0.9909627323555578
WTU,item3,0.2608695652173913,0.39420284373446135,0.36071964017991015,TRUE,0.12282259268845187
WTU,item4,0.1391304347826087,0.1708885644111578,0.16951958803207087,TRUE,0.023723452851598992
WTU,item5,0.5434782608695652,0.5608698026911223,0.546356542008716,TRUE,0.24821190580594418
