"","diff","alpha","beta","gamma","confess"
"1",-3,0.105605605605606,0.136336336336336,0.414314314314314,0.107207207207207
"2",-2.99399399399399,0.351851851851852,0.402402402402402,0.108008008008008,0.0336336336336336
"3",-2.98798798798799,0.497197197197197,0.323123123123123,0.506406406406406,0.0875375375375375
"4",-2.98198198198198,0.257757757757758,0.471471471471471,0.582982982982983,0.0654654654654655
"5",-2.97597597597598,0.374274274274274,0.0366366366366366,0.424324324324324,0.0451951951951952
"6",-2.96996996996997,0.458758758758759,0.328528528528529,0.24964964964965,0.103153153153153
"7",-2.96396396396396,0.137237237237237,0.160960960960961,0.293693693693694,0.0600600600600601
"8",-2.95795795795796,0.291391391391391,0.313513513513513,0.135035035035035,0.033033033033033
"9",-2.95195195195195,0.445145145145145,0.317717717717718,0.229129129129129,0.0903903903903904
"10",-2.94594594594595,0.331831831831832,0.354954954954955,0.163563563563564,0.00960960960960961
"11",-2.93993993993994,0.130830830830831,0.362762762762763,0.217117117117117,0.105855855855856
"12",-2.93393393393393,0.349449449449449,0.127927927927928,0.507407407407407,0.0345345345345345
"13",-2.92792792792793,0.389089089089089,0.174174174174174,0.574474474474475,0.0108108108108108
"14",-2.92192192192192,0.267367367367367,0.531531531531532,0.176076076076076,0.107807807807808
"15",-2.91591591591592,0.398298298298298,0.039039039039039,0.2996996996997,0.0846846846846847
"16",-2.90990990990991,0.208908908908909,0.353153153153153,0.23963963963964,0.134534534534535
"17",-2.9039039039039,0.413913913913914,0.182582582582583,0.375775775775776,0.00045045045045045
"18",-2.8978978978979,0.375475475475475,0.274474474474474,0.371271271271271,0.102702702702703
"19",-2.89189189189189,0.257357357357357,0.15015015015015,0.576476476476476,0.124624624624625
"20",-2.88588588588589,0.433533533533534,0.493093093093093,0.346246246246246,0.0331831831831832
"21",-2.87987987987988,0.282182182182182,0.568768768768769,0.231631631631632,0.00495495495495495
"22",-2.87387387387387,0.258158158158158,0.121921921921922,0.577977977977978,0.0599099099099099
"23",-2.86786786786787,0.320620620620621,0.168168168168168,0.487387387387387,0.122222222222222
"24",-2.86186186186186,0.341441441441441,0.503903903903904,0.474874874874875,0.118618618618619
"25",-2.85585585585586,0.254554554554555,0.449249249249249,0.221621621621622,0.0264264264264264
"26",-2.84984984984985,0.407907907907908,0.20960960960961,0.303203203203203,0.0932432432432432
"27",-2.84384384384384,0.28978978978979,0.512312312312312,0.573473473473473,0.00375375375375375
"28",-2.83783783783784,0.290990990990991,0.495495495495495,0.379279279279279,0.0352852852852853
"29",-2.83183183183183,0.477177177177177,0.497897897897898,0.365265265265265,0.0148648648648649
"30",-2.82582582582583,0.38988988988989,0.103303303303303,0.138538538538539,0.0852852852852853
"31",-2.81981981981982,0.155255255255255,0.35015015015015,0.435335335335335,0.0123123123123123
"32",-2.81381381381381,0.321821821821822,0.140540540540541,0.216616616616617,0.0995495495495495
"33",-2.80780780780781,0.224924924924925,0.588588588588589,0.350750750750751,0.0615615615615616
"34",-2.8018018018018,0.303403403403403,0.566366366366366,0.144544544544545,0.12027027027027
"35",-2.7957957957958,0.327427427427427,0.470870870870871,0.324724724724725,0.074024024024024
"36",-2.78978978978979,0.344244244244244,0.476276276276276,0.248148148148148,0.148498498498498
"37",-2.78378378378378,0.117217217217217,0.0546546546546547,0.522922922922923,0.133633633633634
"38",-2.77777777777778,0.306606606606607,0.018018018018018,0.219119119119119,0.077027027027027
"39",-2.77177177177177,0.246146146146146,0.40960960960961,0.352752752752753,0.0351351351351351
"40",-2.76576576576577,0.246546546546547,0.392792792792793,0.484884884884885,0.0596096096096096
"41",-2.75975975975976,0.188088088088088,0.150750750750751,0.16956956956957,0.0777777777777778
"42",-2.75375375375375,0.158858858858859,0.301501501501502,0.2001001001001,0.107507507507507
"43",-2.74774774774775,0.378278278278278,0.44024024024024,0.427827827827828,0.0870870870870871
"44",-2.74174174174174,0.136436436436436,0.23003003003003,0.580480480480481,0.0785285285285285
"45",-2.73573573573574,0.263763763763764,0.428828828828829,0.208608608608609,0.136636636636637
"46",-2.72972972972973,0.201301301301301,0.575975975975976,0.214614614614615,0.103903903903904
"47",-2.72372372372372,0.381481481481482,0.429429429429429,0.284184184184184,0.0268768768768769
"48",-2.71771771771772,0.495195195195195,0.55975975975976,0.588988988988989,0.0318318318318318
"49",-2.71171171171171,0.359459459459459,0.305105105105105,0.124524524524525,0.0861861861861862
"50",-2.70570570570571,0.410710710710711,0.183183183183183,0.187087087087087,0.0112612612612613
"51",-2.6996996996997,0.352252252252252,0.0816816816816817,0.50990990990991,0.01996996996997
"52",-2.69369369369369,0.160860860860861,0.324924924924925,0.438338338338338,0.093993993993994
"53",-2.68768768768769,0.212912912912913,0.189189189189189,0.46986986986987,0.125375375375375
"54",-2.68168168168168,0.376676676676677,0.234834834834835,0.494394394394394,0.0252252252252252
"55",-2.67567567567568,0.206906906906907,0.453453453453453,0.23013013013013,0.00735735735735736
"56",-2.66966966966967,0.38028028028028,0.0690690690690691,0.553453453453453,0.00915915915915916
"57",-2.66366366366366,0.443543543543544,0.287687687687688,0.505405405405405,0.14024024024024
"58",-2.65765765765766,0.124824824824825,0.327927927927928,0.102502502502503,0.0573573573573574
"59",-2.65165165165165,0.327027027027027,0.547747747747748,0.406806806806807,0.0941441441441441
"60",-2.64564564564565,0.263363363363363,0.255255255255255,0.311211211211211,0.0891891891891892
"61",-2.63963963963964,0.227327327327327,0.163963963963964,0.484384384384384,0.0644144144144144
"62",-2.63363363363363,0.46996996996997,0.166966966966967,0.141041041041041,0.0291291291291291
"63",-2.62762762762763,0.339439439439439,0.459459459459459,0.541441441441441,0.092042042042042
"64",-2.62162162162162,0.412312312312312,0.442642642642643,0.497397397397397,0.0881381381381381
"65",-2.61561561561562,0.176876876876877,0.0846846846846847,0.25015015015015,0.111261261261261
"66",-2.60960960960961,0.256156156156156,0.0618618618618619,0.328228228228228,0.102852852852853
"67",-2.6036036036036,0.294994994994995,0.457057057057057,0.109009009009009,0.144294294294294
"68",-2.5975975975976,0.37987987987988,0.0822822822822823,0.57947947947948,0.118018018018018
"69",-2.59159159159159,0.276176176176176,0.003003003003003,0.55045045045045,0.147597597597598
"70",-2.58558558558559,0.183683683683684,0.597597597597598,0.508908908908909,0.0447447447447447
"71",-2.57957957957958,0.375875875875876,0.485885885885886,0.382782782782783,0.010960960960961
"72",-2.57357357357357,0.396696696696697,0.265465465465465,0.337737737737738,0.0492492492492492
"73",-2.56756756756757,0.108808808808809,0.554954954954955,0.355755755755756,0.12987987987988
"74",-2.56156156156156,0.271371371371371,0.496696696696697,0.546946946946947,0.110510510510511
"75",-2.55555555555556,0.104404404404404,0.458858858858859,0.278678678678679,0.0102102102102102
"76",-2.54954954954955,0.140840840840841,0.0726726726726727,0.330730730730731,0.0214714714714715
"77",-2.54354354354354,0.296196196196196,0.0678678678678679,0.169069069069069,0.114714714714715
"78",-2.53753753753754,0.479179179179179,0.166366366366366,0.481881881881882,0.104504504504505
"79",-2.53153153153153,0.48038038038038,0.461261261261261,0.537437437437437,0.0205705705705706
"80",-2.52552552552553,0.496396396396396,0.368168168168168,0.332232232232232,0.0483483483483483
"81",-2.51951951951952,0.207307307307307,0.181981981981982,0.585985985985986,0.00255255255255255
"82",-2.51351351351351,0.470770770770771,0.49009009009009,0.520920920920921,0.101651651651652
"83",-2.50750750750751,0.209309309309309,0.0108108108108108,0.297197197197197,0.0354354354354354
"84",-2.5015015015015,0.266566566566567,0.2996996996997,0.552952952952953,0.0567567567567568
"85",-2.4954954954955,0.2997997997998,0.133333333333333,0.174074074074074,0.0460960960960961
"86",-2.48948948948949,0.441541541541542,0.42042042042042,0.528928928928929,0.144894894894895
"87",-2.48348348348348,0.1996996996997,0.58978978978979,0.39029029029029,0.0121621621621622
"88",-2.47747747747748,0.35985985985986,0.354354354354354,0.553953953953954,0.0968468468468468
"89",-2.47147147147147,0.271771771771772,0.413813813813814,0.41031031031031,0.0211711711711712
"90",-2.46546546546547,0.219319319319319,0.543543543543544,0.409309309309309,0.0133633633633634
"91",-2.45945945945946,0.423523523523524,0.0672672672672673,0.261161161161161,0.0276276276276276
"92",-2.45345345345345,0.239339339339339,0.448648648648649,0.154054054054054,0.0441441441441441
"93",-2.44744744744745,0.40990990990991,0.186786786786787,0.286686686686687,0.0713213213213213
"94",-2.44144144144144,0.346246246246246,0.0252252252252252,0.274674674674675,0.117267267267267
"95",-2.43543543543544,0.47997997997998,0.0810810810810811,0.195095095095095,0.0135135135135135
"96",-2.42942942942943,0.152852852852853,0.410810810810811,0.188588588588589,0.143843843843844
"97",-2.42342342342342,0.174074074074074,0.123123123123123,0.262662662662663,0.0436936936936937
"98",-2.41741741741742,0.254954954954955,0.595195195195195,0.34974974974975,0.149399399399399
"99",-2.41141141141141,0.402302302302302,0.0336336336336336,0.345745745745746,0.138588588588589
"100",-2.40540540540541,0.176476476476476,0.251651651651652,0.559459459459459,0.0873873873873874
"101",-2.3993993993994,0.357457457457457,0.413213213213213,0.326726726726727,0.0962462462462462
"102",-2.39339339339339,0.161261261261261,0.253453453453453,0.192592592592593,0.0307807807807808
"103",-2.38738738738739,0.105205205205205,0.0714714714714715,0.442342342342342,0.115315315315315
"104",-2.38138138138138,0.497997997997998,0.261861861861862,0.264664664664665,0.0316816816816817
"105",-2.37537537537538,0.289389389389389,0.147747747747748,0.56996996996997,0.12972972972973
"106",-2.36936936936937,0.172472472472472,0.390990990990991,0.494894894894895,0.0761261261261261
"107",-2.36336336336336,0.389489489489489,0.552552552552553,0.132032032032032,0.0842342342342342
"108",-2.35735735735736,0.440740740740741,0.180780780780781,0.164064064064064,0.108408408408408
"109",-2.35135135135135,0.171671671671672,0.407207207207207,0.401801801801802,0.00345345345345345
"110",-2.34534534534535,0.379079079079079,0.387987987987988,0.510910910910911,0.0238738738738739
"111",-2.33933933933934,0.362662662662663,0.102102102102102,0.530930930930931,0.0195195195195195
"112",-2.33333333333333,0.202102102102102,0.417417417417417,0.1995995995996,0.0397897897897898
"113",-2.32732732732733,0.234534534534535,0.502102102102102,0.181581581581582,0.104804804804805
"114",-2.32132132132132,0.353853853853854,0.051051051051051,0.563463463463463,0.113213213213213
"115",-2.31531531531532,0.135235235235235,0.343543543543544,0.555955955955956,0.0734234234234234
"116",-2.30930930930931,0.393893893893894,0.238438438438438,0.394794794794795,0.0304804804804805
"117",-2.3033033033033,0.357857857857858,0.395795795795796,0.347747747747748,0.111711711711712
"118",-2.2972972972973,0.381081081081081,0.454654654654655,0.452852852852853,0.0990990990990991
"119",-2.29129129129129,0.494794794794795,0.0372372372372372,0.353253253253253,0.113813813813814
"120",-2.28528528528529,0.119219219219219,0.544144144144144,0.463863863863864,0.148198198198198
"121",-2.27927927927928,0.42032032032032,0.106906906906907,0.366266266266266,0.0576576576576577
"122",-2.27327327327327,0.460760760760761,0.0900900900900901,0.306206206206206,0.125975975975976
"123",-2.26726726726727,0.448348348348348,0.412012012012012,0.381281281281281,0.10015015015015
"124",-2.26126126126126,0.472372372372372,0.553153153153153,0.147547547547548,0.0036036036036036
"125",-2.25525525525526,0.333433433433433,0.0570570570570571,0.48038038038038,0.137837837837838
"126",-2.24924924924925,0.314614614614615,0.331531531531532,0.447347347347347,0.084984984984985
"127",-2.24324324324324,0.185285285285285,0.0258258258258258,0.154554554554555,0.0253753753753754
"128",-2.23723723723724,0.187287287287287,0.565765765765766,0.344244244244244,0.0698198198198198
"129",-2.23123123123123,0.282982982982983,0.53993993993994,0.414814814814815,0.0274774774774775
"130",-2.22522522522523,0.282582582582583,0.153753753753754,0.437337337337337,0.147447447447447
"131",-2.21921921921922,0.494394394394394,0.330930930930931,0.214114114114114,0.105405405405405
"132",-2.21321321321321,0.240540540540541,0.267267267267267,0.400800800800801,0.113963963963964
"133",-2.20720720720721,0.245345345345345,0.458258258258258,0.321721721721722,0.137687687687688
"134",-2.2012012012012,0.199299299299299,0.242042042042042,0.236136136136136,0.0267267267267267
"135",-2.1951951951952,0.108008008008008,0.562762762762763,0.203603603603604,0.0947447447447447
"136",-2.18918918918919,0.264564564564565,0.384984984984985,0.182082082082082,0.122072072072072
"137",-2.18318318318318,0.312612612612613,0.127327327327327,0.298198198198198,0.0912912912912913
"138",-2.17717717717718,0.184084084084084,0.221021021021021,0.274174174174174,0.0981981981981982
"139",-2.17117117117117,0.164864864864865,0.293093093093093,0.506906906906907,0.122522522522523
"140",-2.16516516516517,0.101601601601602,0.027027027027027,0.528428428428428,0.14009009009009
"141",-2.15915915915916,0.143643643643644,0.45045045045045,0.395295295295295,0.0726726726726727
"142",-2.15315315315315,0.404304304304304,0.572972972972973,0.245145145145145,0.112462462462462
"143",-2.14714714714715,0.421921921921922,0.473273273273273,0.294694694694695,0.0707207207207207
"144",-2.14114114114114,0.233733733733734,0.490690690690691,0.300700700700701,0.0393393393393393
"145",-2.13513513513514,0.204904904904905,0.0426426426426426,0.119019019019019,0.114564564564565
"146",-2.12912912912913,0.16046046046046,0.0918918918918919,0.307207207207207,0.139039039039039
"147",-2.12312312312312,0.43993993993994,0.22042042042042,0.12002002002002,0.00810810810810811
"148",-2.11711711711712,0.453553553553554,0.225225225225225,0.598498498498498,0.0184684684684685
"149",-2.11111111111111,0.241741741741742,0.00780780780780781,0.331231231231231,0.0906906906906907
"150",-2.10510510510511,0.347847847847848,0.161561561561562,0.349249249249249,0.15
"151",-2.0990990990991,0.445945945945946,0.518318318318318,0.14954954954955,0.0402402402402402
"152",-2.09309309309309,0.323823823823824,0.252252252252252,0.582482482482482,0.0391891891891892
"153",-2.08708708708709,0.203303303303303,0.110510510510511,0.393793793793794,0.126126126126126
"154",-2.08108108108108,0.17967967967968,0.365165165165165,0.552452452452452,0.145795795795796
"155",-2.07507507507508,0.101201201201201,0.0654654654654655,0.318718718718719,0.122672672672673
"156",-2.06906906906907,0.37027027027027,0.115915915915916,0.146046046046046,0.0433933933933934
"157",-2.06306306306306,0.255355355355355,0.272672672672673,0.466366366366366,0.140990990990991
"158",-2.05705705705706,0.456356356356356,0.0222222222222222,0.591491491491491,0.0674174174174174
"159",-2.05105105105105,0.449149149149149,0.275675675675676,0.595995995995996,0.00600600600600601
"160",-2.04504504504505,0.467567567567568,0.218618618618619,0.475375375375375,0.140840840840841
"161",-2.03903903903904,0.210510510510511,0.0576576576576577,0.273173173173173,0.0818318318318318
"162",-2.03303303303303,0.399499499499499,0.380780780780781,0.141541541541542,0.139339339339339
"163",-2.02702702702703,0.319019019019019,0.266066066066066,0.262162162162162,0.0118618618618619
"164",-2.02102102102102,0.124024024024024,0.259459459459459,0.437837837837838,0.0141141141141141
"165",-2.01501501501502,0.369069069069069,0.573573573573574,0.451851851851852,0.0807807807807808
"166",-2.00900900900901,0.275775775775776,0.263063063063063,0.501401401401401,0.0953453453453453
"167",-2.003003003003,0.224524524524525,0.542342342342342,0.116516516516517,0.113063063063063
"168",-1.996996996997,0.373073073073073,0.102702702702703,0.295195195195195,0.0974474474474474
"169",-1.99099099099099,0.247347347347347,0.100900900900901,0.441341341341341,0.0714714714714715
"170",-1.98498498498498,0.258558558558559,0.25045045045045,0.496396396396396,0.051951951951952
"171",-1.97897897897898,0.260960960960961,0.258258258258258,0.298698698698699,0.0542042042042042
"172",-1.97297297297297,0.306206206206206,0.537537537537538,0.386786786786787,0.00840840840840841
"173",-1.96696696696697,0.425925925925926,0.273873873873874,0.188088088088088,0.0983483483483483
"174",-1.96096096096096,0.393093093093093,0.172372372372372,0.533933933933934,0.128678678678679
"175",-1.95495495495495,0.113613613613614,0.231231231231231,0.41981981981982,0.115465465465465
"176",-1.94894894894895,0.451551551551552,0.598198198198198,0.210610610610611,0.0935435435435435
"177",-1.94294294294294,0.461961961961962,0.148948948948949,0.440840840840841,0.0280780780780781
"178",-1.93693693693694,0.395495495495496,0.527927927927928,0.184084084084084,0.0945945945945946
"179",-1.93093093093093,0.204104104104104,0.342342342342342,0.403303303303303,0.0531531531531532
"180",-1.92492492492492,0.308608608608609,0.339339339339339,0.527927927927928,0.128378378378378
"181",-1.91891891891892,0.141241241241241,0.290690690690691,0.130530530530531,0.0996996996996997
"182",-1.91291291291291,0.142042042042042,0.556156156156156,0.372272272272272,0.0809309309309309
"183",-1.90690690690691,0.16006006006006,0.427027027027027,0.335735735735736,0.00015015015015015
"184",-1.9009009009009,0.487987987987988,0.175375375375375,0.143043043043043,0.133183183183183
"185",-1.89489489489489,0.21011011011011,0.523123123123123,0.197597597597598,0.0111111111111111
"186",-1.88888888888889,0.380680680680681,0.545345345345345,0.568468468468468,0.112012012012012
"187",-1.88288288288288,0.177677677677678,0.553753753753754,0.131031031031031,0.10045045045045
"188",-1.87687687687688,0.227727727727728,0.187987987987988,0.137537537537538,0.0414414414414414
"189",-1.87087087087087,0.49039039039039,0.0264264264264264,0.225625625625626,0.116066066066066
"190",-1.86486486486486,0.484784784784785,0.367567567567568,0.363763763763764,0.131681681681682
"191",-1.85885885885886,0.36026026026026,0.577177177177177,0.43033033033033,0.141141141141141
"192",-1.85285285285285,0.252952952952953,0.183783783783784,0.562462462462462,0.0231231231231231
"193",-1.84684684684685,0.315815815815816,0.456456456456456,0.357257257257257,0.0572072072072072
"194",-1.84084084084084,0.242542542542543,0.403603603603604,0.226126126126126,0.148648648648649
"195",-1.83483483483483,0.400700700700701,0.524324324324324,0.116016016016016,0.101801801801802
"196",-1.82882882882883,0.214114114114114,0.406006006006006,0.397797797797798,0.115915915915916
"197",-1.82282282282282,0.254154154154154,0.0564564564564565,0.178578578578579,0.0243243243243243
"198",-1.81681681681682,0.355455455455455,0.440840840840841,0.542942942942943,0.0545045045045045
"199",-1.81081081081081,0.133633633633634,0.359159159159159,0.355255255255255,0.133333333333333
"200",-1.8048048048048,0.11961961961962,0.108708708708709,0.181081081081081,0.00720720720720721
"201",-1.7987987987988,0.437537537537538,0.27027027027027,0.237637637637638,0.0277777777777778
"202",-1.79279279279279,0.203703703703704,0.516516516516517,0.216116116116116,0.0202702702702703
"203",-1.78678678678679,0.195295295295295,0.493693693693694,0.474374374374374,0.0358858858858859
"204",-1.78078078078078,0.275375375375375,0.590990990990991,0.467367367367367,0.143543543543544
"205",-1.77477477477477,0.455955955955956,0.155555555555556,0.133533533533534,0.0593093093093093
"206",-1.76876876876877,0.205705705705706,0.294894894894895,0.30970970970971,0.00315315315315315
"207",-1.76276276276276,0.474774774774775,0.0828828828828829,0.112512512512513,0.0954954954954955
"208",-1.75675675675676,0.396296296296296,0.254054054054054,0.396296296296296,0.0237237237237237
"209",-1.75075075075075,0.11041041041041,0.511111111111111,0.564964964964965,0.146096096096096
"210",-1.74474474474474,0.330630630630631,0.275075075075075,0.26966966966967,0.0719219219219219
"211",-1.73873873873874,0.158458458458458,0.575375375375375,0.431331331331331,0.05
"212",-1.73273273273273,0.107607607607608,0.414414414414414,0.390790790790791,0.119219219219219
"213",-1.72672672672673,0.387487487487488,0.0606606606606607,0.149049049049049,0.0801801801801802
"214",-1.72072072072072,0.421121121121121,0.210810810810811,0.345245245245245,0.132432432432432
"215",-1.71471471471471,0.475975975975976,0.31051051051051,0.45985985985986,0.142642642642643
"216",-1.70870870870871,0.178478478478478,0.32012012012012,0.353753753753754,0.107057057057057
"217",-1.7027027027027,0.493593593593594,0.51051051051051,0.592492492492492,0.0292792792792793
"218",-1.6966966966967,0.17047047047047,0.488888888888889,0.164564564564565,0.00660660660660661
"219",-1.69069069069069,0.385085085085085,0.142342342342342,0.235635635635636,0.0723723723723724
"220",-1.68468468468468,0.307007007007007,0.200600600600601,0.568968968968969,0.14954954954955
"221",-1.67867867867868,0.430730730730731,0.159159159159159,0.455355355355355,0.105105105105105
"222",-1.67267267267267,0.381881881881882,0.212012012012012,0.258658658658659,0.147297297297297
"223",-1.66666666666667,0.215315315315315,0.511711711711712,0.208108108108108,0.0743243243243243
"224",-1.66066066066066,0.303803803803804,0.595795795795796,0.233133133133133,0.135135135135135
"225",-1.65465465465465,0.361061061061061,0.252852852852853,0.5994994994995,0.146846846846847
"226",-1.64864864864865,0.386686686686687,0.108108108108108,0.348748748748749,0.0298798798798799
"227",-1.64264264264264,0.496796796796797,0.596996996996997,0.161561561561562,0.0403903903903904
"228",-1.63663663663664,0.483183183183183,0.326726726726727,0.263163163163163,0.0629129129129129
"229",-1.63063063063063,0.471171171171171,0.376576576576577,0.515915915915916,0.134084084084084
"230",-1.62462462462462,0.420720720720721,0.521921921921922,0.255155155155155,0.0803303303303303
"231",-1.61861861861862,0.340640640640641,0.162162162162162,0.596996996996997,0.00945945945945946
"232",-1.61261261261261,0.33983983983984,0.249249249249249,0.468868868868869,0.147147147147147
"233",-1.60660660660661,0.198098098098098,0.0492492492492492,0.307707707707708,0.137387387387387
"234",-1.6006006006006,0.15965965965966,0.397597597597598,0.183583583583584,0.0348348348348348
"235",-1.59459459459459,0.356656656656657,0.427627627627628,0.405805805805806,0.0626126126126126
"236",-1.58858858858859,0.279379379379379,0.292492492492492,0.239139139139139,0.103453453453453
"237",-1.58258258258258,0.334634634634635,0.0960960960960961,0.570470470470471,0.116966966966967
"238",-1.57657657657658,0.304204204204204,0.0132132132132132,0.557457457457457,0.108258258258258
"239",-1.57057057057057,0.168068068068068,0.523723723723724,0.458358358358358,0.0445945945945946
"240",-1.56456456456456,0.415115115115115,0.517117117117117,0.253653653653654,0.0693693693693694
"241",-1.55855855855856,0.192892892892893,0.296096096096096,0.176576576576577,0.0247747747747748
"242",-1.55255255255255,0.48998998998999,0.242642642642643,0.128528528528529,0.0557057057057057
"243",-1.54654654654655,0.425525525525526,0.0936936936936937,0.115015015015015,0.137237237237237
"244",-1.54054054054054,0.122822822822823,0.206606606606607,0.287187187187187,0.0435435435435435
"245",-1.53453453453453,0.301401401401401,0.0402402402402402,0.117017017017017,0.130630630630631
"246",-1.52852852852853,0.132832832832833,0.0624624624624625,0.33973973973974,0.0741741741741742
"247",-1.52252252252252,0.196496496496497,0.491891891891892,0.207607607607608,0.0475975975975976
"248",-1.51651651651652,0.485585585585586,0.542942942942943,0.370770770770771,0.118468468468468
"249",-1.51051051051051,0.165665665665666,0.405405405405405,0.54994994994995,0.0521021021021021
"250",-1.5045045045045,0.451951951951952,0.187387387387387,0.218618618618619,0.0684684684684685
"251",-1.4984984984985,0.136836836836837,0.446846846846847,0.460860860860861,0.0503003003003003
"252",-1.49249249249249,0.315415415415415,0.372972972972973,0.490890890890891,0.012012012012012
"253",-1.48648648648649,0.397497497497498,0.207807807807808,0.213113113113113,0.0603603603603604
"254",-1.48048048048048,0.198898898898899,0.0894894894894895,0.147047047047047,0.0376876876876877
"255",-1.47447447447447,0.268168168168168,0.224624624624625,0.228128128128128,0.0594594594594595
"256",-1.46846846846847,0.232132132132132,0.0348348348348348,0.3002002002002,0.036036036036036
"257",-1.46246246246246,0.202502502502503,0.105705705705706,0.566466466466466,0.0630630630630631
"258",-1.45645645645646,0.368668668668669,0.494294294294294,0.393293293293293,0.0606606606606607
"259",-1.45045045045045,0.444344344344344,0.0972972972972973,0.436336336336336,0.0310810810810811
"260",-1.44444444444444,0.157657657657658,0.13033033033033,0.535435435435435,0.0427927927927928
"261",-1.43843843843844,0.13003003003003,0.394594594594595,0.186586586586587,0.0357357357357357
"262",-1.43243243243243,0.452352352352352,0.18978978978979,0.168568568568569,0.051051051051051
"263",-1.42642642642643,0.116416416416416,0.18018018018018,0.323223223223223,0.00885885885885886
"264",-1.42042042042042,0.111611611611612,0.00900900900900901,0.127527527527528,0.0394894894894895
"265",-1.41441441441441,0.437937937937938,0.0054054054054054,0.243643643643644,0.0193693693693694
"266",-1.40840840840841,0.302202202202202,0.240840840840841,0.49039039039039,0.0975975975975976
"267",-1.4024024024024,0.477977977977978,0.0984984984984985,0.412312312312312,0.141591591591592
"268",-1.3963963963964,0.18048048048048,0.162762762762763,0.357757757757758,0.00465465465465465
"269",-1.39039039039039,0.403103103103103,0.279279279279279,0.581481481481481,0.101501501501502
"270",-1.38438438438438,0.244944944944945,0.167567567567568,0.139039039039039,0.0611111111111111
"271",-1.37837837837838,0.248548548548549,0.168768768768769,0.547947947947948,0.00780780780780781
"272",-1.37237237237237,0.166066066066066,0.501501501501502,0.524424424424424,0.095045045045045
"273",-1.36636636636637,0.317417417417417,0.566966966966967,0.576976976976977,0.0387387387387387
"274",-1.36036036036036,0.104804804804805,0.399399399399399,0.495395395395395,0.138738738738739
"275",-1.35435435435435,0.281381381381381,0.0852852852852853,0.571471471471471,0.0375375375375375
"276",-1.34834834834835,0.332232232232232,0.4,0.237137137137137,0.142942942942943
"277",-1.34234234234234,0.428728728728729,0.163363363363363,0.21011011011011,0.0677177177177177
"278",-1.33633633633634,0.322222222222222,0.133933933933934,0.343743743743744,0.0367867867867868
"279",-1.33033033033033,0.216916916916917,0.175975975975976,0.377777777777778,0.117867867867868
"280",-1.32432432432432,0.192492492492493,0.373573573573574,0.185085085085085,0.143093093093093
"281",-1.31831831831832,0.273373373373373,0.421621621621622,0.6,0.00285285285285285
"282",-1.31231231231231,0.151251251251251,0.157357357357357,0.551951951951952,0.00675675675675676
"283",-1.30630630630631,0.290590590590591,0.230630630630631,0.272172172172172,0.0602102102102102
"284",-1.3003003003003,0.123623623623624,0.122522522522523,0.236636636636637,0.0448948948948949
"285",-1.29429429429429,0.168468468468468,0.5003003003003,0.191091091091091,0.0321321321321321
"286",-1.28828828828829,0.272572572572573,0.178378378378378,0.421821821821822,0.0015015015015015
"287",-1.28228228228228,0.442342342342342,0.466066066066066,0.205105105105105,0.127627627627628
"288",-1.27627627627628,0.491991991991992,0.178978978978979,0.5004004004004,0.0126126126126126
"289",-1.27027027027027,0.284584584584585,0.276876876876877,0.597997997997998,0.119069069069069
"290",-1.26426426426426,0.375075075075075,0.217417417417417,0.243143143143143,0.0462462462462462
"291",-1.25825825825826,0.280580580580581,0.0762762762762763,0.518418418418418,0.0582582582582583
"292",-1.25225225225225,0.191691691691692,0.185585585585586,0.302202202202202,0.0923423423423423
"293",-1.24624624624625,0.120820820820821,0.512912912912913,0.443843843843844,0.112612612612613
"294",-1.24024024024024,0.305805805805806,0.216216216216216,0.453853853853854,0.0154654654654655
"295",-1.23423423423423,0.230530530530531,0.233633633633634,0.112012012012012,0.0418918918918919
"296",-1.22822822822823,0.43033033033033,0.145945945945946,0.468368368368368,0.0717717717717718
"297",-1.22222222222222,0.198498498498498,0.473873873873874,0.209109109109109,0.0765765765765766
"298",-1.21621621621622,0.3002002002002,0.211411411411411,0.35025025025025,0.108858858858859
"299",-1.21021021021021,0.234934934934935,0.33033033033033,0.37027027027027,0.0612612612612613
"300",-1.2042042042042,0.31021021021021,0.158558558558559,0.563963963963964,0.144444444444444
"301",-1.1981981981982,0.422722722722723,0.423423423423423,0.242642642642643,0.0705705705705706
"302",-1.19219219219219,0.305005005005005,0.472072072072072,0.291691691691692,0.0747747747747748
"303",-1.18618618618619,0.342642642642643,0.382582582582583,0.205605605605606,0.0369369369369369
"304",-1.18018018018018,0.122022022022022,0.0996996996996997,0.42032032032032,0.0708708708708709
"305",-1.17417417417417,0.111211211211211,0.364564564564565,0.469369369369369,0.00690690690690691
"306",-1.16816816816817,0.366266266266266,0.393993993993994,0.3997997997998,0.0737237237237237
"307",-1.16216216216216,0.20970970970971,0.424624624624625,0.257157157157157,0.117717717717718
"308",-1.15615615615616,0.17007007007007,0.284684684684685,0.271171171171171,0.0303303303303303
"309",-1.15015015015015,0.339039039039039,0.0954954954954955,0.597497497497497,0.109009009009009
"310",-1.14414414414414,0.447947947947948,0.0642642642642643,0.246146146146146,0.0783783783783784
"311",-1.13813813813814,0.45035035035035,0.212612612612613,0.554454454454454,0.0671171171171171
"312",-1.13213213213213,0.186086086086086,0.383783783783784,0.295695695695696,0.0959459459459459
"313",-1.12612612612613,0.28018018018018,0.530930930930931,0.526426426426426,0.0725225225225225
"314",-1.12012012012012,0.296996996996997,0.135135135135135,0.590490490490491,0.125225225225225
"315",-1.11411411411411,0.463163163163163,0.333933933933934,0.111511511511512,0.0716216216216216
"316",-1.10810810810811,0.311011011011011,0.481081081081081,0.334734734734735,0.122972972972973
"317",-1.1021021021021,0.167667667667668,0.19039039039039,0.374274274274274,0.0756756756756757
"318",-1.0960960960961,0.453953953953954,0.329129129129129,0.126026026026026,0.0430930930930931
"319",-1.09009009009009,0.13043043043043,0.0114114114114114,0.4998998998999,0.126726726726727
"320",-1.08408408408408,0.154854854854855,0.452852852852853,0.217617617617618,0.0539039039039039
"321",-1.07807807807808,0.44994994994995,0.524924924924925,0.564464464464464,0.0481981981981982
"322",-1.07207207207207,0.208108108108108,0.360960960960961,0.304704704704705,0.0689189189189189
"323",-1.06606606606607,0.318218218218218,0.229429429429429,0.487887887887888,0.0186186186186186
"324",-1.06006006006006,0.313013013013013,0.239039039039039,0.347247247247247,0.0232732732732733
"325",-1.05405405405405,0.435535535535536,0.021021021021021,0.192092092092092,0.108558558558559
"326",-1.04804804804805,0.195695695695696,0.129129129129129,0.113513513513514,0.0536036036036036
"327",-1.04204204204204,0.288588588588589,0.526126126126126,0.335235235235235,0.00750750750750751
"328",-1.03603603603604,0.278978978978979,0.431831831831832,0.523923923923924,0.108708708708709
"329",-1.03003003003003,0.315015015015015,0.232432432432432,0.56046046046046,0.0605105105105105
"330",-1.02402402402402,0.322622622622623,0.222822822822823,0.252152152152152,0.0986486486486486
"331",-1.01801801801802,0.212512512512513,0.314714714714715,0.35975975975976,0.0813813813813814
"332",-1.01201201201201,0.458358358358358,0.207207207207207,0.416816816816817,0.138288288288288
"333",-1.00600600600601,0.492392392392392,0.509309309309309,0.408308308308308,0.0753753753753754
"334",-1,0.367067067067067,0.502702702702703,0.578978978978979,0.0816816816816817
"335",-0.993993993993994,0.447547547547548,0.519519519519519,0.263663663663664,0.0219219219219219
"336",-0.987987987987988,0.372272272272272,0.32972972972973,0.189089089089089,0.0843843843843844
"337",-0.981981981981982,0.155655655655656,0.52972972972973,0.338238238238238,0.0306306306306306
"338",-0.975975975975976,0.377477477477478,0.0558558558558559,0.202602602602603,0.0749249249249249
"339",-0.96996996996997,0.163263263263263,0.41021021021021,0.258158158158158,0.11996996996997
"340",-0.963963963963964,0.488788788788789,0.481681681681682,0.156056056056056,0.102102102102102
"341",-0.957957957957958,0.323023023023023,0.377777777777778,0.211111111111111,0.102402402402402
"342",-0.951951951951952,0.216116116116116,0.561561561561562,0.594994994994995,0.121771771771772
"343",-0.945945945945946,0.274974974974975,0.121321321321321,0.285685685685686,0.141441441441441
"344",-0.93993993993994,0.165265265265265,0.228828828828829,0.525425425425425,0.14039039039039
"345",-0.933933933933934,0.205305305305305,0.0648648648648649,0.500900900900901,0.0642642642642643
"346",-0.927927927927928,0.413513513513514,0.271471471471471,0.194594594594595,0.0738738738738739
"347",-0.921921921921922,0.236536536536537,0.47027027027027,0.280680680680681,0.0426426426426426
"348",-0.915915915915916,0.217317317317317,0.378378378378378,0.574974974974975,0.0384384384384384
"349",-0.90990990990991,0.42992992992993,0.190990990990991,0.368268268268268,0.0241741741741742
"350",-0.903903903903904,0.27977977977978,0.528528528528528,0.165565565565566,0.0812312312312312
"351",-0.897897897897898,0.118418418418418,0.477477477477477,0.322222222222222,0.140690690690691
"352",-0.891891891891892,0.482782782782783,0.366366366366366,0.577477477477477,0.106306306306306
"353",-0.885885885885886,0.222922922922923,0.322522522522523,0.36976976976977,0.0668168168168168
"354",-0.87987987987988,0.423123123123123,0.371171171171171,0.304204204204204,0.0234234234234234
"355",-0.873873873873874,0.146446446446446,0.255855855855856,0.270670670670671,0.0166666666666667
"356",-0.867867867867868,0.162062062062062,0.0408408408408408,0.287687687687688,0.072972972972973
"357",-0.861861861861862,0.250550550550551,0.195195195195195,0.388288288288288,0.0647147147147147
"358",-0.855855855855856,0.132432432432432,0.428228228228228,0.231131131131131,0.131231231231231
"359",-0.84984984984985,0.438738738738739,0.452252252252252,0.387287287287287,0.0933933933933934
"360",-0.843843843843844,0.457957957957958,0.442042042042042,0.446346346346346,0.00705705705705706
"361",-0.837837837837838,0.359059059059059,0.374174174174174,0.157057057057057,0.104354354354354
"362",-0.831831831831832,0.495995995995996,0.21981981981982,0.446846846846847,0.107957957957958
"363",-0.825825825825826,0.106006006006006,0.247447447447447,0.145045045045045,0.136786786786787
"364",-0.81981981981982,0.477577577577578,0.338138138138138,0.316716716716717,0.0421921921921922
"365",-0.813813813813814,0.15045045045045,0.556756756756757,0.566966966966967,0.127177177177177
"366",-0.807807807807808,0.354254254254254,0.0504504504504504,0.33023023023023,0.13003003003003
"367",-0.801801801801802,0.377077077077077,0.508108108108108,0.260660660660661,0.0722222222222222
"368",-0.795795795795796,0.297797797797798,0.334534534534535,0.293193193193193,0.136936936936937
"369",-0.78978978978979,0.45995995995996,0.499099099099099,0.206606606606607,0.0908408408408408
"370",-0.783783783783784,0.427127127127127,0.268468468468468,0.320720720720721,0.0989489489489489
"371",-0.777777777777778,0.197697697697698,0.199399399399399,0.459359359359359,0.0546546546546547
"372",-0.771771771771772,0.493193193193193,0.489489489489489,0.363263263263263,0.071021021021021
"373",-0.765765765765766,0.152452452452452,0.374774774774775,0.394294294294294,0.0018018018018018
"374",-0.75975975975976,0.220920920920921,0.447447447447447,0.171571571571572,0.132882882882883
"375",-0.753753753753754,0.407507507507508,0.0432432432432432,0.362262262262262,0.0285285285285285
"376",-0.747747747747748,0.454754754754755,0.000600600600600601,0.134534534534535,0.0444444444444444
"377",-0.741741741741742,0.466766766766767,0.266666666666667,0.22012012012012,0.0839339339339339
"378",-0.735735735735736,0.403503503503504,0.156756756756757,0.256656656656657,0.0381381381381381
"379",-0.72972972972973,0.352652652652653,0.209009009009009,0.478378378378378,0.114264264264264
"380",-0.723723723723724,0.393493493493493,0.545945945945946,0.314214214214214,0.121021021021021
"381",-0.717717717717718,0.351451451451452,0.467267267267267,0.508408408408408,0.0911411411411411
"382",-0.711711711711712,0.113213213213213,0.0942942942942943,0.327727727727728,0.110810810810811
"383",-0.705705705705706,0.172072072072072,0.336336336336336,0.361761761761762,0.116216216216216
"384",-0.6996996996997,0.332632632632633,0.0312312312312312,0.423323323323323,0.124324324324324
"385",-0.693693693693694,0.202902902902903,0.418618618618619,0.213613613613614,0.0888888888888889
"386",-0.687687687687688,0.233333333333333,0.151951951951952,0.150550550550551,0.0216216216216216
"387",-0.681681681681682,0.104004004004004,0.0990990990990991,0.565965965965966,0.146696696696697
"388",-0.675675675675676,0.418318318318318,0.424024024024024,0.131531531531532,0.115015015015015
"389",-0.66966966966967,0.434334334334334,0.43003003003003,0.121021021021021,0.0432432432432432
"390",-0.663663663663664,0.416316316316316,0.254654654654655,0.331731731731732,0.0495495495495495
"391",-0.657657657657658,0.436336336336336,0.589189189189189,0.449349349349349,0.0051051051051051
"392",-0.651651651651652,0.204504504504505,0.215015015015015,0.223123123123123,0.0039039039039039
"393",-0.645645645645646,0.218518518518519,0.391591591591592,0.223623623623624,0.0621621621621622
"394",-0.63963963963964,0.34984984984985,0.529129129129129,0.385785785785786,0.00645645645645646
"395",-0.633633633633634,0.134434434434434,0.0018018018018018,0.594494494494495,0.00615615615615616
"396",-0.627627627627628,0.142842842842843,0.115315315315315,0.183083083083083,0.096996996996997
"397",-0.621621621621621,0.287387387387387,0.425225225225225,0.203103103103103,0.0337837837837838
"398",-0.615615615615616,0.431131131131131,0.584384384384384,0.398298298298298,0.03003003003003
"399",-0.60960960960961,0.122422422422422,0.278078078078078,0.482382382382382,0.0791291291291291
"400",-0.603603603603604,0.335835835835836,0.594594594594595,0.392292292292292,0.057957957957958
"401",-0.597597597597598,0.365465465465465,0.0834834834834835,0.531431431431431,0.0115615615615616
"402",-0.591591591591591,0.442742742742743,0.507507507507508,0.351251251251251,0.136486486486486
"403",-0.585585585585586,0.376276276276276,0.298498498498498,0.267167167167167,0.048048048048048
"404",-0.57957957957958,0.238138138138138,0.514114114114114,0.18958958958959,0.00795795795795796
"405",-0.573573573573574,0.405505505505506,0,0.321221221221221,0.0466966966966967
"406",-0.567567567567568,0.446746746746747,0.0864864864864865,0.555455455455455,0.0732732732732733
"407",-0.561561561561561,0.392292292292292,0.371771771771772,0.155055055055055,0.137537537537538
"408",-0.555555555555555,0.485185185185185,0.369369369369369,0.452352352352352,0.0324324324324324
"409",-0.54954954954955,0.486786786786787,0.466666666666667,0.475875875875876,0.128228228228228
"410",-0.543543543543544,0.337437437437437,0.437837837837838,0.240640640640641,0.0893393393393393
"411",-0.537537537537538,0.44954954954955,0.585585585585586,0.111011011011011,0.0869369369369369
"412",-0.531531531531531,0.138038038038038,0.165165165165165,0.215615615615616,0.0704204204204204
"413",-0.525525525525525,0.243743743743744,0.52012012012012,0.575475475475476,0.0282282282282282
"414",-0.51951951951952,0.201701701701702,0.438438438438438,0.317717717717718,0.0312312312312312
"415",-0.513513513513514,0.298198198198198,0.03003003003003,0.549449449449449,0.122372372372372
"416",-0.507507507507508,0.18008008008008,0.582582582582583,0.410810810810811,0.0956456456456456
"417",-0.501501501501501,0.245745745745746,0.434834834834835,0.403803803803804,0.00855855855855856
"418",-0.495495495495495,0.273773773773774,0.303903903903904,0.554954954954955,0.0370870870870871
"419",-0.48948948948949,0.5,0.484684684684685,0.456856856856857,0.0417417417417417
"420",-0.483483483483484,0.482382382382382,0.112312312312312,0.282182182182182,0.125675675675676
"421",-0.477477477477477,0.486386386386386,0.341741741741742,0.489389389389389,0.0244744744744745
"422",-0.471471471471471,0.319419419419419,0.415015015015015,0.51991991991992,0.103303303303303
"423",-0.465465465465465,0.399099099099099,0.0288288288288288,0.378778778778779,0.0929429429429429
"424",-0.45945945945946,0.215715715715716,0.112912912912913,0.501901901901902,0.143693693693694
"425",-0.453453453453454,0.405905905905906,0.538738738738739,0.52042042042042,0.0786786786786787
"426",-0.447447447447447,0.321421421421421,0.246246246246246,0.125525525525526,0.138888888888889
"427",-0.441441441441441,0.22972972972973,0.350750750750751,0.550950950950951,0.0774774774774775
"428",-0.435435435435435,0.451151151151151,0.237237237237237,0.159059059059059,0.0406906906906907
"429",-0.42942942942943,0.36986986986987,0.396396396396396,0.305705705705706,0.0762762762762763
"430",-0.423423423423424,0.1004004004004,0.036036036036036,0.422322322322322,0.0147147147147147
"431",-0.417417417417417,0.12962962962963,0.131531531531532,0.336736736736737,0.143993993993994
"432",-0.411411411411411,0.326226226226226,0.26966966966967,0.545945945945946,0.123573573573574
"433",-0.405405405405405,0.124424424424424,0.345945945945946,0.509409409409409,0.117417417417417
"434",-0.3993993993994,0.164464464464464,0.393393393393393,0.177577577577578,0.0157657657657658
"435",-0.393393393393394,0.286986986986987,0.464864864864865,0.356256256256256,0.131981981981982
"436",-0.387387387387387,0.431531531531532,0.136936936936937,0.513413413413413,0.0540540540540541
"437",-0.381381381381381,0.459159159159159,0.294294294294294,0.222622622622623,0.040990990990991
"438",-0.375375375375375,0.425125125125125,0.586786786786787,0.491891891891892,0.101351351351351
"439",-0.36936936936937,0.221321321321321,0.320720720720721,0.204104104104104,0.0132132132132132
"440",-0.363363363363364,0.197297297297297,0.445645645645646,0.593993993993994,0
"441",-0.357357357357357,0.367867867867868,0.0462462462462462,0.511411411411411,0.134984984984985
"442",-0.351351351351351,0.136036036036036,0.488288288288288,0.518918918918919,0.0124624624624625
"443",-0.345345345345345,0.325425425425425,0.0768768768768769,0.288188188188188,0.0127627627627628
"444",-0.33933933933934,0.333833833833834,0.0870870870870871,0.327227227227227,0.0493993993993994
"445",-0.333333333333333,0.222522522522523,0.282282282282282,0.598998998998999,0.0363363363363363
"446",-0.327327327327327,0.112412412412412,0.26006006006006,0.472372372372372,0.133033033033033
"447",-0.321321321321321,0.348648648648649,0.296696696696697,0.202102102102102,0.0827327327327327
"448",-0.315315315315315,0.462362362362362,0.333333333333333,0.28968968968969,0.0569069069069069
"449",-0.30930930930931,0.194094094094094,0.439039039039039,0.432332332332332,0.135585585585586
"450",-0.303303303303303,0.33023023023023,0.569369369369369,0.328728728728729,0.0472972972972973
"451",-0.297297297297297,0.238938938938939,0.138138138138138,0.28018018018018,0.046996996996997
"452",-0.291291291291291,0.32022022022022,0.358558558558559,0.228628628628629,0.0659159159159159
"453",-0.285285285285285,0.331431431431431,0.281081081081081,0.157557557557558,0.0424924924924925
"454",-0.279279279279279,0.186886886886887,0.012012012012012,0.302702702702703,0.128078078078078
"455",-0.273273273273273,0.4003003003003,0.332132132132132,0.126526526526527,0.00225225225225225
"456",-0.267267267267267,0.24974974974975,0.300900900900901,0.411311311311311,0.00555555555555555
"457",-0.261261261261261,0.223323323323323,0.0888888888888889,0.465365365365365,0.0660660660660661
"458",-0.255255255255255,0.481181181181181,0.233033033033033,0.25965965965966,0.0887387387387387
"459",-0.249249249249249,0.295795795795796,0.548348348348348,0.195595595595596,0.00765765765765766
"460",-0.243243243243243,0.437137137137137,0.156156156156156,0.156556556556557,0.120870870870871
"461",-0.237237237237237,0.327827827827828,0.448048048048048,0.153053053053053,0.0696696696696697
"462",-0.231231231231231,0.349049049049049,0.184984984984985,0.201101101101101,0.0992492492492492
"463",-0.225225225225225,0.492792792792793,0.0468468468468468,0.27967967967968,0.0457957957957958
"464",-0.219219219219219,0.383483483483483,0.550750750750751,0.251151151151151,0.130780780780781
"465",-0.213213213213213,0.184484484484485,0.342942942942943,0.514414414414414,0.0396396396396396
"466",-0.207207207207207,0.390690690690691,0.557357357357357,0.587487487487487,0.0575075075075075
"467",-0.201201201201201,0.29019019019019,0.118318318318318,0.351751751751752,0.0453453453453453
"468",-0.195195195195195,0.409109109109109,0.47987987987988,0.441841841841842,0.0501501501501501
"469",-0.189189189189189,0.142442442442442,0.0498498498498498,0.315215215215215,0.105705705705706
"470",-0.183183183183183,0.107207207207207,0.297297297297297,0.595495495495496,0.12042042042042
"471",-0.177177177177177,0.135635635635636,0.304504504504505,0.398798798798799,0.065015015015015
"472",-0.171171171171171,0.331031031031031,0.288288288288288,0.416316316316316,0.10990990990991
"473",-0.165165165165165,0.213713713713714,0.476876876876877,0.212112112112112,0.109159159159159
"474",-0.159159159159159,0.206506506506507,0.13993993993994,0.14004004004004,0.141291291291291
"475",-0.153153153153153,0.246946946946947,0.58018018018018,0.588488488488488,0.0213213213213213
"476",-0.147147147147147,0.178878878878879,0.558558558558559,0.32972972972973,0.147897897897898
"477",-0.141141141141141,0.382282282282282,0.261261261261261,0.342742742742743,0.000750750750750751
"478",-0.135135135135135,0.356256256256256,0.547147147147147,0.103503503503504,0.0027027027027027
"479",-0.129129129129129,0.148848848848849,0.282882882882883,0.285185185185185,0.103753753753754
"480",-0.123123123123123,0.210910910910911,0.3003003003003,0.534434434434434,0.0515015015015015
"481",-0.117117117117117,0.276576576576577,0.302102102102102,0.383283283283283,0.0971471471471471
"482",-0.111111111111111,0.384684684684685,0.434234234234234,0.167567567567568,0.140540540540541
"483",-0.105105105105105,0.193293293293293,0.0702702702702703,0.587987987987988,0.0454954954954955
"484",-0.099099099099099,0.159259259259259,0.137537537537538,0.533433433433433,0.0342342342342342
"485",-0.0930930930930933,0.115215215215215,0.421021021021021,0.384784784784785,0.024024024024024
"486",-0.0870870870870872,0.426326326326326,0.113513513513514,0.244644644644645,0.0309309309309309
"487",-0.0810810810810811,0.373873873873874,0.433633633633634,0.1,0.0279279279279279
"488",-0.075075075075075,0.10960960960961,0.387387387387387,0.142542542542543,0.0378378378378378
"489",-0.069069069069069,0.191291291291291,0.234234234234234,0.445845845845846,0.106156156156156
"490",-0.0630630630630633,0.337837837837838,0.0444444444444444,0.464364364364364,0.0405405405405405
"491",-0.0570570570570572,0.343443443443443,0.045045045045045,0.326226226226226,0.0885885885885886
"492",-0.0510510510510511,0.190890890890891,0.505105105105105,0.230630630630631,0.021021021021021
"493",-0.045045045045045,0.307407407407407,0.222222222222222,0.340740740740741,0.113663663663664
"494",-0.0390390390390389,0.454354354354354,0.196396396396396,0.417817817817818,0.116666666666667
"495",-0.0330330330330328,0.22012012012012,0.0036036036036036,0.251651651651652,0.0258258258258258
"496",-0.0270270270270272,0.261361361361361,0.383183183183183,0.107507507507508,0.0656156156156156
"497",-0.0210210210210211,0.433933933933934,0.0102102102102102,0.155555555555556,0.0858858858858859
"498",-0.015015015015015,0.408708708708709,0.246846846846847,0.140540540540541,0.106906906906907
"499",-0.00900900900900892,0.121221221221221,0.125525525525526,0.583483483483483,0.0477477477477477
"500",-0.00300300300300282,0.237737737737738,0.487687687687688,0.283183183183183,0.129129129129129
"501",0.00300300300300282,0.353053053053053,0.143543543543544,0.431831831831832,0.0478978978978979
"502",0.00900900900900892,0.300600600600601,0.347747747747748,0.122522522522523,0.0151651651651652
"503",0.015015015015015,0.371871871871872,0.284084084084084,0.389289289289289,0.0513513513513513
"504",0.0210210210210211,0.174474474474474,0.548948948948949,0.466866866866867,0.117567567567568
"505",0.0270270270270272,0.343043043043043,0.515915915915916,0.570970970970971,0.0223723723723724
"506",0.0330330330330328,0.497597597597598,0.015015015015015,0.273673673673674,0.139489489489489
"507",0.0390390390390389,0.150850850850851,0.580780780780781,0.148048048048048,0.0162162162162162
"508",0.045045045045045,0.134834834834835,0.0234234234234234,0.341741741741742,0.0024024024024024
"509",0.0510510510510511,0.194494494494495,0.496096096096096,0.279179179179179,0.145045045045045
"510",0.0570570570570572,0.114814814814815,0.21021021021021,0.101001001001001,0.0863363363363363
"511",0.0630630630630629,0.465965965965966,0.213213213213213,0.123523523523524,0.148348348348348
"512",0.069069069069069,0.414314314314314,0.0048048048048048,0.538438438438438,0.0585585585585586
"513",0.075075075075075,0.358258258258258,0.170570570570571,0.283683683683684,0.0328828828828829
"514",0.0810810810810811,0.184884884884885,0.564564564564564,0.184584584584585,0.028978978978979
"515",0.0870870870870872,0.225325325325325,0.36996996996997,0.227127127127127,0.0250750750750751
"516",0.0930930930930929,0.208508508508509,0.576576576576577,0.418318318318318,0.0487987987987988
"517",0.099099099099099,0.309009009009009,0.0660660660660661,0.290690690690691,0.109459459459459
"518",0.105105105105105,0.46956956956957,0.307507507507507,0.448348348348348,0.106756756756757
"519",0.111111111111111,0.164064064064064,0.124324324324324,0.22962962962963,0.0415915915915916
"520",0.117117117117117,0.182482482482482,0.521321321321321,0.401301301301301,0.110660660660661
"521",0.123123123123123,0.108408408408408,0.103903903903904,0.221121121121121,0.135435435435435
"522",0.129129129129129,0.473573573573574,0.302702702702703,0.415815815815816,0.0183183183183183
"523",0.135135135135135,0.457157157157157,0.23963963963964,0.268668668668669,0.13978978978979
"524",0.141141141141141,0.363463463463463,0.0156156156156156,0.245645645645646,0.0695195195195195
"525",0.147147147147147,0.255755755755756,0.192192192192192,0.507907907907908,0.111861861861862
"526",0.153153153153153,0.41991991991992,0.491291291291291,0.132532532532533,0.112912912912913
"527",0.159159159159159,0.274574574574575,0.574174174174174,0.51041041041041,0.108108108108108
"528",0.165165165165165,0.11001001001001,0.535135135135135,0.289189189189189,0.0468468468468468
"529",0.171171171171171,0.325825825825826,0.36036036036036,0.163063063063063,0.0490990990990991
"530",0.177177177177177,0.34024024024024,0.0324324324324324,0.250650650650651,0.0876876876876877
"531",0.183183183183183,0.102002002002002,0.48048048048048,0.174574574574575,0.0963963963963964
"532",0.189189189189189,0.373473473473473,0.492492492492492,0.310710710710711,0.0828828828828829
"533",0.195195195195195,0.329029029029029,0.592192192192192,0.11001001001001,0.0315315315315315
"534",0.201201201201201,0.450750750750751,0.593393393393393,0.374774774774775,0.0927927927927928
"535",0.207207207207207,0.278178178178178,0.441441441441441,0.308708708708709,0.102252252252252
"536",0.213213213213213,0.134034034034034,0.485285285285285,0.34024024024024,0.0921921921921922
"537",0.219219219219219,0.341041041041041,0.1003003003003,0.560960960960961,0.144594594594595
"538",0.225225225225225,0.382682682682683,0.123723723723724,0.53993993993994,0.0142642642642643
"539",0.231231231231231,0.467967967967968,0.0042042042042042,0.473373373373373,0.0442942942942943
"540",0.237237237237237,0.177277277277277,0.0906906906906907,0.241141141141141,0.133483483483483
"541",0.243243243243243,0.19049049049049,0.503303303303303,0.317217217217217,0.129279279279279
"542",0.249249249249249,0.406306306306306,0.522522522522523,0.257657657657658,0.124474474474474
"543",0.255255255255255,0.166866866866867,0.128528528528529,0.565465465465465,0.142342342342342
"544",0.261261261261261,0.447147147147147,0.299099099099099,0.124024024024024,0.124924924924925
"545",0.267267267267267,0.402702702702703,0.592792792792793,0.190590590590591,0.117117117117117
"546",0.273273273273273,0.14964964964965,0.412612612612613,0.31021021021021,0.0767267267267267
"547",0.279279279279279,0.368268268268268,0.44984984984985,0.412812812812813,0.08003003003003
"548",0.285285285285285,0.102402402402402,0.0708708708708709,0.543443443443443,0.0815315315315315
"549",0.291291291291291,0.188488488488488,0.316516516516517,0.277677677677678,0.0822822822822823
"550",0.297297297297297,0.31981981981982,0.0474474474474474,0.387787787787788,0.0581081081081081
"551",0.303303303303303,0.360660660660661,0.317117117117117,0.532932932932933,0.121921921921922
"552",0.309309309309309,0.243343343343343,0.269069069069069,0.425325325325325,0.0588588588588589
"553",0.315315315315315,0.250950950950951,0.00600600600600601,0.391791791791792,0.0744744744744745
"554",0.321321321321321,0.224124124124124,0.557957957957958,0.104504504504505,0.118318318318318
"555",0.327327327327327,0.129229229229229,0.574774774774775,0.299199199199199,0.0938438438438438
"556",0.333333333333333,0.363063063063063,0.141741741741742,0.524924924924925,0.0297297297297297
"557",0.339339339339339,0.464764764764765,0.24984984984985,0.199099099099099,0.00870870870870871
"558",0.345345345345345,0.174874874874875,0.0228228228228228,0.567467467467467,0.0792792792792793
"559",0.351351351351351,0.417517517517518,0.433033033033033,0.504904904904905,0.0012012012012012
"560",0.357357357357357,0.455155155155155,0.192792792792793,0.297697697697698,0.0924924924924925
"561",0.363363363363364,0.251351351351351,0.258858858858859,0.477377377377377,0.0165165165165165
"562",0.369369369369369,0.192092092092092,0.344144144144144,0.133033033033033,0.0638138138138138
"563",0.375375375375375,0.387087087087087,0.30990990990991,0.397297297297297,0.0325825825825826
"564",0.381381381381381,0.292592592592593,0.0216216216216216,0.27017017017017,0.10975975975976
"565",0.387387387387387,0.14004004004004,0.0456456456456456,0.254154154154154,0.149099099099099
"566",0.393393393393394,0.193693693693694,0.332732732732733,0.38978978978979,0.034984984984985
"567",0.399399399399399,0.473173173173173,0.46966966966967,0.556456456456456,0.0364864864864865
"568",0.405405405405405,0.499199199199199,0.139339339339339,0.430830830830831,0.0171171171171171
"569",0.411411411411411,0.266166166166166,0.14954954954955,0.456356356356356,0.143393393393393
"570",0.417417417417417,0.453153153153153,0.593993993993994,0.38028028028028,0.000900900900900901
"571",0.423423423423424,0.162862862862863,0.513513513513513,0.121521521521522,0.0301801801801802
"572",0.429429429429429,0.498398398398398,0.318918918918919,0.354754754754755,0.100600600600601
"573",0.435435435435435,0.23013013013013,0.381381381381381,0.531931931931932,0.00990990990990991
"574",0.441441441441441,0.301001001001001,0.454054054054054,0.402802802802803,0.0866366366366366
"575",0.447447447447447,0.24014014014014,0.598798798798799,0.561961961961962,0.0702702702702703
"576",0.453453453453454,0.256556556556557,0.142942942942943,0.399299299299299,0.133933933933934
"577",0.45945945945946,0.401501501501502,0.0342342342342342,0.424824824824825,0.0867867867867868
"578",0.465465465465465,0.427527527527528,0.431231231231231,0.235135135135135,0.126426426426426
"579",0.471471471471471,0.374674674674675,0.363363363363363,0.248648648648649,0.0570570570570571
"580",0.477477477477477,0.415515515515516,0.291291291291291,0.43983983983984,0.0633633633633634
"581",0.483483483483484,0.228528528528529,0.578978978978979,0.52992992992993,0.0456456456456456
"582",0.48948948948949,0.236136136136136,0.409009009009009,0.120520520520521,0.0340840840840841
"583",0.495495495495495,0.457557557557558,0.508708708708709,0.548448448448448,0.111411411411411
"584",0.501501501501501,0.350650650650651,0.285285285285285,0.16006006006006,0.145945945945946
"585",0.507507507507508,0.379479479479479,0.536936936936937,0.583983983983984,0.0690690690690691
"586",0.513513513513514,0.308208208208208,0.0582582582582583,0.428828828828829,0.060960960960961
"587",0.51951951951952,0.106406406406406,0.583783783783784,0.447847847847848,0.0758258258258258
"588",0.525525525525525,0.214914914914915,0.293693693693694,0.503903903903904,0.123273273273273
"589",0.531531531531531,0.489189189189189,0.118918918918919,0.15005005005005,0.0021021021021021
"590",0.537537537537538,0.293793793793794,0.219219219219219,0.488388388388388,0.136036036036036
"591",0.543543543543544,0.231331331331331,0.28048048048048,0.170570570570571,0.107357357357357
"592",0.54954954954955,0.228928928928929,0.0204204204204204,0.26016016016016,0.089039039039039
"593",0.555555555555555,0.173673673673674,0.144144144144144,0.457857857857858,0.127927927927928
"594",0.561561561561561,0.323423423423423,0.154354354354354,0.146546546546547,0.137087087087087
"595",0.567567567567568,0.109209209209209,0.465465465465465,0.537937937937938,0.118168168168168
"596",0.573573573573574,0.218118118118118,0.227627627627628,0.255655655655656,0.146396396396396
"597",0.57957957957958,0.357057057057057,0.0912912912912913,0.540940940940941,0.0512012012012012
"598",0.585585585585585,0.23973973973974,0.464264264264264,0.586486486486486,0.0936936936936937
"599",0.591591591591591,0.102802802802803,0.203603603603604,0.476376376376376,0.131831831831832
"600",0.597597597597598,0.490790790790791,0.297897897897898,0.502902902902903,0.0385885885885886
"601",0.603603603603604,0.370670670670671,0.114714714714715,0.122022022022022,0.13993993993994
"602",0.60960960960961,0.166466466466466,0.321321321321321,0.358758758758759,0.0175675675675676
"603",0.615615615615615,0.183283283283283,0.353753753753754,0.265165165165165,0.125525525525526
"604",0.621621621621621,0.225725725725726,0.174774774774775,0.483883883883884,0.0207207207207207
"605",0.627627627627628,0.411911911911912,0.41981981981982,0.207107107107107,0.0980480480480481
"606",0.633633633633634,0.229329329329329,0.27987987987988,0.37977977977978,0.0524024024024024
"607",0.63963963963964,0.436736736736737,0.392192192192192,0.485885885885886,0.0136636636636637
"608",0.645645645645645,0.214514514514515,0.544744744744745,0.534934934934935,0.0412912912912913
"609",0.651651651651652,0.371471471471472,0.324324324324324,0.364264264264264,0.0255255255255255
"610",0.657657657657658,0.351051051051051,0.024024024024024,0.224124124124124,0.13048048048048
"611",0.663663663663664,0.372672672672673,0.257057057057057,0.11951951951952,0.0333333333333333
"612",0.66966966966967,0.432732732732733,0.135735735735736,0.322722722722723,0.0408408408408408
"613",0.675675675675675,0.334234234234234,0.381981981981982,0.542442442442442,0.149249249249249
"614",0.681681681681682,0.441141141141141,0.236036036036036,0.505905905905906,0.0498498498498498
"615",0.687687687687688,0.144844844844845,0.0732732732732733,0.281181181181181,0.00525525525525525
"616",0.693693693693694,0.139239239239239,0.201801801801802,0.499399399399399,0.0768768768768769
"617",0.6996996996997,0.260560560560561,0.177177177177177,0.315715715715716,0.00135135135135135
"618",0.705705705705705,0.143243243243243,0.520720720720721,0.266166166166166,0.0648648648648649
"619",0.711711711711712,0.472772772772773,0.0168168168168168,0.206106106106106,0.11981981981982
"620",0.717717717717718,0.475575575575576,0.201201201201201,0.259159159159159,0.0159159159159159
"621",0.723723723723724,0.335435435435435,0.278678678678679,0.127027027027027,0.0566066066066066
"622",0.72972972972973,0.230930930930931,0.321921921921922,0.435835835835836,0.132582582582583
"623",0.735735735735736,0.397897897897898,0.144744744744745,0.405305305305305,0.0522522522522523
"624",0.741741741741742,0.189289289289289,0.555555555555556,0.242142142142142,0.124774774774775
"625",0.747747747747748,0.294194194194194,0.444444444444444,0.366766766766767,0.113513513513514
"626",0.753753753753754,0.13963963963964,0.0636636636636637,0.276176176176176,0.0824324324324324
"627",0.75975975975976,0.364264264264264,0.56036036036036,0.160560560560561,0.0249249249249249
"628",0.765765765765766,0.383083083083083,0.287087087087087,0.113013013013013,0.125075075075075
"629",0.771771771771772,0.421521521521522,0.362162162162162,0.373273273273273,0.066966966966967
"630",0.777777777777778,0.346646646646647,0.231831831831832,0.114014014014014,0.0821321321321321
"631",0.783783783783784,0.126426426426426,0.2,0.575975975975976,0.0840840840840841
"632",0.78978978978979,0.253753753753754,0.0966966966966967,0.24014014014014,0.100900900900901
"633",0.795795795795796,0.4995995995996,0.208408408408408,0.488888888888889,0.0313813813813814
"634",0.801801801801802,0.223723723723724,0.356756756756757,0.179079079079079,0.106006006006006
"635",0.807807807807808,0.347447447447447,0.243243243243243,0.134034034034034,0.0189189189189189
"636",0.813813813813814,0.144444444444444,0.500900900900901,0.253153153153153,0.144144144144144
"637",0.81981981981982,0.41031031031031,0.0534534534534535,0.541941941941942,0.0987987987987988
"638",0.825825825825826,0.348248248248248,0.126726726726727,0.215115115115115,0.124174174174174
"639",0.831831831831832,0.461161161161161,0.33993993993994,0.375275275275275,0.126876876876877
"640",0.837837837837838,0.211711711711712,0.0012012012012012,0.172072072072072,0.141741741741742
"641",0.843843843843844,0.181281281281281,0.401801801801802,0.377277277277277,0.0361861861861862
"642",0.84984984984985,0.465165165165165,0.498498498498498,0.318218218218218,0.0584084084084084
"643",0.855855855855856,0.114014014014014,0.355555555555556,0.470870870870871,0.0788288288288288
"644",0.861861861861862,0.476776776776777,0.463663663663664,0.482882882882883,0.0764264264264264
"645",0.867867867867868,0.231731731731732,0.0978978978978979,0.182582582582583,0.0834834834834835
"646",0.873873873873874,0.481981981981982,0.109309309309309,0.102002002002002,0.0339339339339339
"647",0.87987987987988,0.305405405405405,0.288888888888889,0.584484484484485,0.129429429429429
"648",0.885885885885886,0.391491491491492,0.0282282282282282,0.384284284284284,0.0048048048048048
"649",0.891891891891892,0.397097097097097,0.315315315315315,0.105005005005005,0.0261261261261261
"650",0.897897897897898,0.114414414414414,0.308108108108108,0.472872872872873,0.136186186186186
"651",0.903903903903904,0.168868868868869,0.00840840840840841,0.329229229229229,0.0105105105105105
"652",0.90990990990991,0.386286286286286,0.177777777777778,0.241641641641642,0.0138138138138138
"653",0.915915915915916,0.484384384384384,0.418018018018018,0.4003003003003,0.0624624624624625
"654",0.921921921921922,0.274174174174174,0.348948948948949,0.462362362362362,0.0752252252252252
"655",0.927927927927928,0.179279279279279,0.101501501501502,0.373773773773774,0.0187687687687688
"656",0.933933933933934,0.495595595595596,0.570570570570571,0.503403403403403,0.00570570570570571
"657",0.93993993993994,0.452752752752753,0.468468468468468,0.115515515515516,0.125825825825826
"658",0.945945945945946,0.309409409409409,0.562162162162162,0.526926926926927,0.0957957957957958
"659",0.951951951951952,0.115615615615616,0.164564564564565,0.486386386386386,0.0322822822822823
"660",0.957957957957958,0.445545545545546,0.0378378378378378,0.515415415415415,0.145345345345345
"661",0.963963963963964,0.338238238238238,0.559159159159159,0.451351351351351,0.0872372372372372
"662",0.96996996996997,0.212112112112112,0.169369369369369,0.491391391391391,0.13963963963964
"663",0.975975975975976,0.247747747747748,0.586186186186186,0.233633633633634,0.00900900900900901
"664",0.981981981981982,0.337037037037037,0.10990990990991,0.434334334334334,0.0926426426426426
"665",0.987987987987988,0.365865865865866,0.55015015015015,0.152552552552553,0.135285285285285
"666",0.993993993993994,0.272972972972973,0.578378378378378,0.477877877877878,0.0382882882882883
"667",1,0.244544544544545,0.0612612612612613,0.396796796796797,0.0899399399399399
"668",1.00600600600601,0.385485485485486,0.386786786786787,0.153553553553554,0.0106606606606607
"669",1.01201201201201,0.401101101101101,0.38978978978979,0.343243243243243,0.143243243243243
"670",1.01801801801802,0.403903903903904,0.549549549549549,0.200600600600601,0.126276276276276
"671",1.02402402402402,0.236936936936937,0.260660660660661,0.238138138138138,0.0551051051051051
"672",1.03003003003003,0.355055055055055,0.111711711711712,0.417317317317317,0.0711711711711712
"673",1.03603603603604,0.405105105105105,0.24024024024024,0.511911911911912,0.0794294294294294
"674",1.04204204204204,0.226926926926927,0.335735735735736,0.465865865865866,0.0804804804804805
"675",1.04804804804805,0.471971971971972,0.494894894894895,0.514914914914915,0.0201201201201201
"676",1.05405405405405,0.25975975975976,0.00720720720720721,0.325725725725726,0.0463963963963964
"677",1.06006006006006,0.285385385385385,0.533333333333333,0.193593593593594,0.0528528528528528
"678",1.06606606606607,0.182882882882883,0.0930930930930931,0.125025025025025,0.0645645645645646
"679",1.07207207207207,0.46036036036036,0.31951951951952,0.288688688688689,0.0944444444444444
"680",1.07807807807808,0.266966966966967,0.6,0.512912912912913,0.131381381381381
"681",1.08408408408408,0.268568568568569,0.281681681681682,0.101501501501502,0.0665165165165165
"682",1.09009009009009,0.317817817817818,0.221621621621622,0.135535535535536,0.0534534534534535
"683",1.0960960960961,0.211311311311311,0.455855855855856,0.264164164164164,0.106456456456456
"684",1.1021021021021,0.369469469469469,0.0540540540540541,0.388788788788789,0.115615615615616
"685",1.10810810810811,0.487187187187187,0.12012012012012,0.152052052052052,0.0411411411411411
"686",1.11411411411411,0.448748748748749,0.532132132132132,0.496896896896897,0.147747747747748
"687",1.12012012012012,0.401901901901902,0.256456456456456,0.162562562562563,0.0915915915915916
"688",1.12612612612613,0.475175175175175,0.241441441441441,0.402302302302302,0.0527027027027027
"689",1.13213213213213,0.103203203203203,0.400600600600601,0.492892892892893,0.0627627627627628
"690",1.13813813813814,0.149249249249249,0.43963963963964,0.433333333333333,0.127027027027027
"691",1.14414414414414,0.418718718718719,0.311711711711712,0.266666666666667,0.0366366366366366
"692",1.15015015015015,0.435135135135135,0.567567567567568,0.557957957957958,0.0854354354354354
"693",1.15615615615616,0.283783783783784,0.327327327327327,0.585485485485486,0.123723723723724
"694",1.16216216216216,0.435935935935936,0.56996996996997,0.247647647647648,0.0948948948948949
"695",1.16816816816817,0.125225225225225,0.361561561561562,0.198098098098098,0.127477477477477
"696",1.17417417417417,0.213313313313313,0.116516516516517,0.444844844844845,0.0882882882882883
"697",1.18018018018018,0.326626626626627,0.340540540540541,0.368768768768769,0.0797297297297297
"698",1.18618618618619,0.154054054054054,0.0600600600600601,0.371771771771772,0.0228228228228228
"699",1.19219219219219,0.404704704704705,0.244444444444444,0.454354354354354,0.0857357357357357
"700",1.1981981981982,0.377877877877878,0.415615615615616,0.292692692692693,0.0779279279279279
"701",1.2042042042042,0.292192192192192,0.0696696696696697,0.265665665665666,0.0831831831831832
"702",1.21021021021021,0.295395395395395,0.173573573573574,0.423823823823824,0.0855855855855856
"703",1.21621621621622,0.468768768768769,0.345345345345345,0.254654654654655,0.0977477477477477
"704",1.22222222222222,0.324224224224224,0.0438438438438438,0.556956956956957,0.0399399399399399
"705",1.22822822822823,0.153653653653654,0.445045045045045,0.341241241241241,0.0355855855855856
"706",1.23423423423423,0.286586586586587,0.117717717717718,0.100500500500501,0.103603603603604
"707",1.24024024024024,0.15005005005005,0.141141141141141,0.278178178178178,0.0177177177177177
"708",1.24624624624625,0.145645645645646,0.218018018018018,0.142042042042042,0.0548048048048048
"709",1.25225225225225,0.172872872872873,0.401201201201201,0.519419419419419,0.0388888888888889
"710",1.25825825825826,0.341841841841842,0.472672672672673,0.47037037037037,0.00585585585585586
"711",1.26426426426426,0.383883883883884,0.474474474474474,0.367767767767768,0.104954954954955
"712",1.27027027027027,0.354654654654655,0.587987987987988,0.538938938938939,0.0525525525525525
"713",1.27627627627628,0.483583583583584,0.264864864864865,0.227627627627628,0.018018018018018
"714",1.28228228228228,0.265765765765766,0.309309309309309,0.536936936936937,0.0196696696696697
"715",1.28828828828829,0.288988988988989,0.337537537537538,0.20960960960961,0.0561561561561562
"716",1.29429429429429,0.283383383383383,0.437237237237237,0.324224224224224,0.13033033033033
"717",1.3003003003003,0.392692692692693,0.571171171171171,0.291191191191191,0.0833333333333333
"718",1.30630630630631,0.240940940940941,0.505705705705706,0.422822822822823,0.116516516516517
"719",1.31231231231231,0.443943943943944,0.0552552552552553,0.376776776776777,0.0181681681681682
"720",1.31831831831832,0.480780780780781,0.463063063063063,0.10950950950951,0.016966966966967
"721",1.32432432432432,0.228128128128128,0.347147147147147,0.439339339339339,0.0914414414414414
"722",1.33033033033033,0.280980980980981,0.443243243243243,0.12952952952953,0.0504504504504504
"723",1.33633633633634,0.336636636636637,0.228228228228228,0.166566566566567,0.0632132132132132
"724",1.34234234234234,0.476376376376376,0.105105105105105,0.337237237237237,0.00195195195195195
"725",1.34834834834835,0.344644644644645,0.277477477477477,0.348248248248248,0.0288288288288288
"726",1.35435435435435,0.226526526526527,0.581381381381381,0.226626626626627,0.068018018018018
"727",1.36036036036036,0.438338338338338,0.517717717717718,0.137037037037037,0.121321321321321
"728",1.36636636636637,0.316616616616617,0.486486486486486,0.544944944944945,0.0042042042042042
"729",1.37237237237237,0.238538538538539,0.577777777777778,0.558958958958959,0.0294294294294294
"730",1.37837837837838,0.262562562562563,0.188588588588589,0.544444444444444,0.0798798798798799
"731",1.38438438438438,0.371071071071071,0.551951951951952,0.428328328328328,0.056006006006006
"732",1.39039039039039,0.26016016016016,0.184384384384384,0.584984984984985,0.0273273273273273
"733",1.3963963963964,0.478378378378378,0.276276276276276,0.453353353353353,0.0878378378378378
"734",1.4024024024024,0.343843843843844,0.404204204204204,0.46036036036036,0.146546546546547
"735",1.40840840840841,0.221721721721722,0.15975975975976,0.572972972972973,0.101951951951952
"736",1.41441441441441,0.252552552552553,0.344744744744745,0.578478478478478,0.045045045045045
"737",1.42042042042042,0.473973973973974,0.235435435435435,0.249149149149149,0.0271771771771772
"738",1.42642642642643,0.434734734734735,0.245045045045045,0.336236236236236,0.00405405405405405
"739",1.43243243243243,0.21971971971972,0.283483483483483,0.516916916916917,0.0489489489489489
"740",1.43843843843844,0.235735735735736,0.00660660660660661,0.455855855855856,0.122822822822823
"741",1.44444444444444,0.220520520520521,0.436636636636637,0.13003003003003,0.022972972972973
"742",1.45045045045045,0.39029029029029,0.0876876876876877,0.197097097097097,0.0518018018018018
"743",1.45645645645646,0.235335335335335,0.0528528528528528,0.539439439439439,0.042042042042042
"744",1.46246246246246,0.467167167167167,0.225825825825826,0.281681681681682,0.00930930930930931
"745",1.46846846846847,0.469169169169169,0.194594594594595,0.419319319319319,0.00825825825825826
"746",1.47447447447447,0.241341341341341,0.0522522522522523,0.193093093093093,0.0172672672672673
"747",1.48048048048048,0.176076076076076,0.403003003003003,0.522422422422422,0.127777777777778
"748",1.48648648648649,0.147647647647648,0.107507507507507,0.151051051051051,0.10960960960961
"749",1.49249249249249,0.148048048048048,0.366966966966967,0.15955955955956,0.124024024024024
"750",1.4984984984985,0.324624624624625,0.338738738738739,0.486886886886887,0.120720720720721
"751",1.5045045045045,0.385885885885886,0.325525525525525,0.426326326326326,0.0782282282282282
"752",1.51051051051051,0.242142142142142,0.565165165165165,0.512412412412412,0.059009009009009
"753",1.51651651651652,0.284184184184184,0.430630630630631,0.166066066066066,0.0851351351351351
"754",1.52252252252252,0.277777777777778,0.0780780780780781,0.479379379379379,0.0972972972972973
"755",1.52852852852853,0.485985985985986,0.457657657657658,0.211611611611612,0.115765765765766
"756",1.53453453453453,0.288188188188188,0.34954954954955,0.352252252252252,0.0686186186186186
"757",1.54054054054054,0.441941941941942,0.315915915915916,0.498398398398398,0.101051051051051
"758",1.54654654654655,0.175675675675676,0.0684684684684685,0.212612612612613,0.0848348348348348
"759",1.55255255255255,0.270570570570571,0.0840840840840841,0.108508508508509,0.132132132132132
"760",1.55855855855856,0.431931931931932,0.171171171171171,0.55995995995996,0.0235735735735736
"761",1.56456456456456,0.311811811811812,0.0924924924924925,0.191591591591592,0.0256756756756757
"762",1.57057057057057,0.268968968968969,0.527327327327327,0.436836836836837,0.0192192192192192
"763",1.57657657657658,0.262962962962963,0.193393393393393,0.346746746746747,0.0198198198198198
"764",1.58258258258258,0.491591591591592,0.197597597597598,0.432832832832833,0.114114114114114
"765",1.58858858858859,0.422322322322322,0.198198198198198,0.167067067067067,0.121621621621622
"766",1.59459459459459,0.253353353353353,0.563963963963964,0.523423423423423,0.130930930930931
"767",1.6006006006006,0.474374374374374,0.348348348348348,0.551451451451451,0.0623123123123123
"768",1.60660660660661,0.419519519519519,0.469069069069069,0.271671671671672,0.0114114114114114
"769",1.61261261261261,0.264964964964965,0.215615615615616,0.187587587587588,0.135735735735736
"770",1.61861861861862,0.116816816816817,0.0246246246246246,0.292192192192192,0.037987987987988
"771",1.62462462462462,0.47037037037037,0.204204204204204,0.493393393393393,0.0045045045045045
"772",1.63063063063063,0.178078078078078,0.157957957957958,0.558458458458458,0.0160660660660661
"773",1.63663663663664,0.175275275275275,0.145345345345345,0.342242242242242,0.128828828828829
"774",1.64264264264264,0.18968968968969,0.39039039039039,0.256156156156156,0.0543543543543544
"775",1.64864864864865,0.163663663663664,0.0294294294294294,0.54044044044044,0.0965465465465465
"776",1.65465465465465,0.158058058058058,0.00960960960960961,0.418818818818819,0.0825825825825826
"777",1.66066066066066,0.471571571571572,0.0024024024024024,0.354254254254254,0.015015015015015
"778",1.66666666666667,0.3998998998999,0.176576576576577,0.136536536536537,0.0608108108108108
"779",1.67267267267267,0.363863863863864,0.0588588588588589,0.457357357357357,0.0496996996996997
"780",1.67867867867868,0.277377377377377,0.262462462462462,0.312212212212212,0.0687687687687688
"781",1.68468468468468,0.291791791791792,0.365765765765766,0.204604604604605,0.142192192192192
"782",1.69069069069069,0.118018018018018,0.0630630630630631,0.591991991991992,0.0755255255255255
"783",1.6966966966967,0.44034034034034,0.53033033033033,0.246646646646647,0.111111111111111
"784",1.7027027027027,0.487587587587588,0.4996996996997,0.527427427427427,0.0998498498498498
"785",1.70870870870871,0.394694694694695,0.388588588588589,0.106506506506507,0.0103603603603604
"786",1.71471471471471,0.311411411411411,0.451651651651652,0.454854854854855,0.134684684684685
"787",1.72072072072072,0.286186186186186,0.0192192192192192,0.267667667667668,0.0438438438438438
"788",1.72672672672673,0.395895895895896,0.213813813813814,0.395795795795796,0.0246246246246246
"789",1.73273273273273,0.498798798798799,0.535735735735736,0.305205205205205,0.11966966966967
"790",1.73873873873874,0.345045045045045,0.216816816816817,0.196596596596597,0.0516516516516516
"791",1.74474474474474,0.493993993993994,0.172972972972973,0.128028028028028,0.0400900900900901
"792",1.75075075075075,0.365065065065065,0.223423423423423,0.529429429429429,0.0845345345345345
"793",1.75675675675676,0.157257257257257,0.368768768768769,0.339239239239239,0.109309309309309
"794",1.76276276276276,0.151651651651652,0.0804804804804805,0.261661661661662,0.0587087087087087
"795",1.76876876876877,0.112012012012012,0.0384384384384384,0.427327327327327,0.12957957957958
"796",1.77477477477477,0.237337337337337,0.389189189189189,0.244144144144144,0.090990990990991
"797",1.78078078078078,0.131231231231231,0.248048048048048,0.129029029029029,0.0750750750750751
"798",1.78678678678679,0.444744744744745,0.206006006006006,0.473873873873874,0.0896396396396396
"799",1.79279279279279,0.262162162162162,0.398198198198198,0.433833833833834,0.0618618618618619
"800",1.7987987987988,0.483983983983984,0.446246246246246,0.148548548548549,0.1003003003003
"801",1.8048048048048,0.232932932932933,0.482282282282282,0.275175175175175,0.00630630630630631
"802",1.81081081081081,0.491191191191191,0.422822822822823,0.104004004004004,0.126576576576577
"803",1.81681681681682,0.2001001001001,0.551351351351351,0.365765765765766,0.031981981981982
"804",1.82282282282282,0.314214214214214,0.311111111111111,0.517917917917918,0.104654654654655
"805",1.82882882882883,0.462762762762763,0.475075075075075,0.268168168168168,0.132282282282282
"806",1.83483483483483,0.347047047047047,0.243843843843844,0.561461461461461,0.053003003003003
"807",1.84084084084084,0.463963963963964,0.443843843843844,0.173073073073073,0.06996996996997
"808",1.84684684684685,0.294594594594595,0.46006006006006,0.172572572572573,0.0220720720720721
"809",1.85285285285285,0.27017017017017,0.406606606606607,0.18008008008008,0.123123123123123
"810",1.85885885885886,0.181681681681682,0.538138138138138,0.145545545545546,0.142042042042042
"811",1.86486486486486,0.167267267267267,0.214414414414414,0.444344344344344,0.134384384384384
"812",1.87087087087087,0.148448448448448,0.0948948948948949,0.497897897897898,0.121471471471471
"813",1.87687687687688,0.200500500500501,0.0756756756756757,0.40980980980981,0.0776276276276276
"814",1.88288288288288,0.145245245245245,0.425825825825826,0.151551551551552,0.133783783783784
"815",1.88888888888889,0.106806806806807,0.0174174174174174,0.333233233233233,0.0533033033033033
"816",1.89489489489489,0.333033033033033,0.411411411411411,0.105505505505506,0.0746246246246246
"817",1.9009009009009,0.366666666666667,0.478078078078078,0.461361361361361,0.0555555555555556
"818",1.90690690690691,0.395095095095095,0.0318318318318318,0.480880880880881,0.0806306306306306
"819",1.91291291291291,0.424324324324324,0.581981981981982,0.376276276276276,0.0471471471471471
"820",1.91891891891892,0.48958958958959,0.186186186186186,0.471371371371371,0.119369369369369
"821",1.92492492492492,0.411111111111111,0.0666666666666667,0.296196196196196,0.013963963963964
"822",1.93093093093093,0.154454454454454,0.196996996996997,0.380780780780781,0.0773273273273273
"823",1.93693693693694,0.218918918918919,0.291891891891892,0.382282282282282,0.123873873873874
"824",1.94294294294294,0.461561561561562,0.146546546546547,0.485385385385385,0.112762762762763
"825",1.94894894894895,0.156856856856857,0.599399399399399,0.56946946946947,0.116816816816817
"826",1.95495495495495,0.173273273273273,0.487087087087087,0.429329329329329,0.0731231231231231
"827",1.96096096096096,0.182082082082082,0.308708708708709,0.309209209209209,0.0486486486486486
"828",1.96696696696697,0.121621621621622,0.0750750750750751,0.114514514514515,0.0683183183183183
"829",1.97297297297297,0.407107107107107,0.363963963963964,0.483383383383383,0.0554054054054054
"830",1.97897897897898,0.126826826826827,0.267867867867868,0.548948948948949,0.0346846846846847
"831",1.98498498498498,0.100800800800801,0.357357357357357,0.103003003003003,0.145495495495495
"832",1.99099099099099,0.258958958958959,0.372372372372372,0.277177177177177,0.0663663663663664
"833",1.996996996997,0.303003003003003,0.419219219219219,0.383783783783784,0.0810810810810811
"834",2.003003003003,0.270970970970971,0.370570570570571,0.332732732732733,0.0552552552552553
"835",2.00900900900901,0.463563563563564,0.0720720720720721,0.338738738738739,0.0130630630630631
"836",2.01501501501502,0.118818818818819,0.0792792792792793,0.407807807807808,0.118768768768769
"837",2.02102102102102,0.267767767767768,0.563363363363363,0.175575575575576,0.0728228228228228
"838",2.02702702702703,0.188888888888889,0.571771771771772,0.462862862862863,0.0836336336336336
"839",2.03303303303303,0.391091091091091,0.198798798798799,0.545445445445445,0.027027027027027
"840",2.03903903903904,0.242942942942943,0.375375375375375,0.118018018018018,0.14984984984985
"841",2.04504504504505,0.364664664664665,0.335135135135135,0.385285285285285,0.0917417417417417
"842",2.05105105105105,0.226126126126126,0.0486486486486486,0.314714714714715,0.136336336336336
"843",2.05705705705706,0.388688688688689,0.497297297297297,0.301701701701702,0.0597597597597598
"844",2.06306306306306,0.16966966966967,0.584984984984985,0.413813813813814,0.11006006006006
"845",2.06906906906907,0.14044044044044,0.272072072072072,0.48988988988989,0.118918918918919
"846",2.07507507507508,0.328228228228228,0.396996996996997,0.450850850850851,0.0951951951951952
"847",2.08108108108108,0.25015015015015,0.193993993993994,0.504404404404404,0.043993993993994
"848",2.08708708708709,0.325025025025025,0.138738738738739,0.247147147147147,0.000600600600600601
"849",2.09309309309309,0.187687687687688,0.386186186186186,0.467867867867868,0.0204204204204204
"850",2.0990990990991,0.248948948948949,0.462462462462462,0.313213213213213,0.12012012012012
"851",2.10510510510511,0.265365365365365,0.106306306306306,0.323723723723724,0.0156156156156156
"852",2.11111111111111,0.103603603603604,0.416816816816817,0.571971971971972,0.0334834834834835
"853",2.11711711711712,0.287787787787788,0.408408408408408,0.369269269269269,0.0222222222222222
"854",2.12312312312312,0.464364364364364,0.572372372372372,0.596496496496496,0.0558558558558559
"855",2.12912912912913,0.362262262262262,0.525525525525525,0.434834834834835,0.135885885885886
"856",2.13513513513514,0.302602602602603,0.526726726726727,0.513913913913914,0.0283783783783784
"857",2.14114114114114,0.185685685685686,0.587387387387387,0.334234234234234,0.063963963963964
"858",2.14714714714715,0.45955955955956,0.504504504504504,0.415315315315315,0.0884384384384384
"859",2.15315315315315,0.141641641641642,0.385585585585586,0.36026026026026,0.0578078078078078
"860",2.15915915915916,0.127627627627628,0.114114114114114,0.136036036036036,0.146996996996997
"861",2.16516516516517,0.353453453453453,0.37957957957958,0.386286286286286,0.144744744744745
"862",2.17117117117117,0.248148148148148,0.0738738738738739,0.144044044044044,0.0635135135135135
"863",2.17717717717718,0.269369369369369,0.117117117117117,0.547447447447447,0.0509009009009009
"864",2.18318318318318,0.116016016016016,0.318318318318318,0.282682682682683,0.0662162162162162
"865",2.18918918918919,0.329429429429429,0.351351351351351,0.58948948948949,0.0286786786786787
"866",2.1951951951952,0.252152152152152,0.514714714714715,0.463363363363363,0.0262762762762763
"867",2.2012012012012,0.146046046046046,0.533933933933934,0.286186186186186,0.0614114114114114
"868",2.20720720720721,0.162462462462462,0.484084084084084,0.443343343343343,0.101201201201201
"869",2.21321321321321,0.429129129129129,0.467867867867868,0.572472472472472,0.115165165165165
"870",2.21921921921922,0.180880880880881,0.151351351351351,0.201601601601602,0.0174174174174174
"871",2.22522522522523,0.216516516516517,0.534534534534534,0.495895895895896,0.114414414414414
"872",2.23123123123123,0.355855855855856,0.541141141141141,0.107007007007007,0.0701201201201201
"873",2.23723723723724,0.384284284284284,0.202402402402402,0.381781781781782,0.106606606606607
"874",2.24324324324324,0.117617617617618,0.478678678678679,0.493893893893894,0.0564564564564565
"875",2.24924924924925,0.285785785785786,0.518918918918919,0.535935935935936,0.11036036036036
"876",2.25525525525526,0.137637637637638,0.336936936936937,0.438838838838839,0.0145645645645646
"877",2.26126126126126,0.456756756756757,0.432432432432432,0.238638638638639,0.0735735735735736
"878",2.26726726726727,0.138438438438438,0.591591591591592,0.521421421421421,0.148948948948949
"879",2.27327327327327,0.408308308308308,0.506906906906907,0.173573573573574,0.123423423423423
"880",2.27927927927928,0.312212212212212,0.205405405405405,0.404304304304304,0.105555555555556
"881",2.28528528528529,0.278578578578579,0.583183183183183,0.171071071071071,0.131081081081081
"882",2.29129129129129,0.342242242242242,0.132732732732733,0.378278278278278,0.0100600600600601
"883",2.2972972972973,0.468368368368368,0.312912912912913,0.296696696696697,0.078978978978979
"884",2.3033033033033,0.387887887887888,0.407807807807808,0.498898898898899,0.0672672672672673
"885",2.30930930930931,0.328628628628629,0.404804804804805,0.532432432432432,0.138438438438438
"886",2.31531531531532,0.361461461461462,0.346546546546547,0.407307307307307,0.116366366366366
"887",2.32132132132132,0.125625625625626,0.245645645645646,0.252652652652653,0.0117117117117117
"888",2.32732732732733,0.345845845845846,0.148348348348348,0.194094094094094,0.0636636636636637
"889",2.33333333333333,0.296596596596597,0.475675675675676,0.358258258258258,0.0897897897897898
"890",2.33933933933934,0.261761761761762,0.29009009009009,0.123023023023023,0.025975975975976
"891",2.34534534534535,0.455555555555556,0.0786786786786787,0.17007007007007,0.054954954954955
"892",2.35135135135135,0.298998998998999,0.436036036036036,0.359259259259259,0.00165165165165165
"893",2.35735735735736,0.416716716716717,0.461861861861862,0.42982982982983,0.107657657657658
"894",2.36336336336336,0.335035035035035,0.124924924924925,0.562962962962963,0.120570570570571
"895",2.36936936936937,0.439139139139139,0.0744744744744745,0.362762762762763,0.0918918918918919
"896",2.37537537537538,0.428328328328328,0.540540540540541,0.356756756756757,0.0144144144144144
"897",2.38138138138138,0.171271271271271,0.306906906906907,0.458858858858859,0.0960960960960961
"898",2.38738738738739,0.281781781781782,0.224024024024024,0.32022022022022,0.137987987987988
"899",2.39339339339339,0.299399399399399,0.153153153153153,0.306706706706707,0.0295795795795796
"900",2.3993993993994,0.426726726726727,0.134534534534535,0.234134134134134,0.0966966966966967
"901",2.40540540540541,0.313813813813814,0.50990990990991,0.517417417417417,0.0795795795795796
"902",2.41141141141141,0.423923923923924,0.455255255255255,0.222122122122122,0.104204204204204
"903",2.41741741741742,0.394294294294294,0.451051051051051,0.372772772772773,0.131531531531532
"904",2.42342342342342,0.126026026026026,0.12972972972973,0.53043043043043,0.0208708708708709
"905",2.42942942942943,0.318618618618619,0.59039039039039,0.471871871871872,0.0653153153153153
"906",2.43543543543544,0.297397397397397,0.0276276276276276,0.333733733733734,0.0692192192192192
"907",2.44144144144144,0.152052052052052,0.195795795795796,0.303703703703704,0.00435435435435435
"908",2.44744744744745,0.12042042042042,0.0882882882882883,0.57997997997998,0.00105105105105105
"909",2.45345345345345,0.466366366366366,0.506306306306306,0.319219219219219,0.104054054054054
"910",2.45945945945946,0.345445445445445,0.0162162162162162,0.275675675675676,0.0780780780780781
"911",2.46546546546547,0.417917917917918,0.270870870870871,0.481381381381381,0.0563063063063063
"912",2.47147147147147,0.251751751751752,0.378978978978979,0.186086086086086,0.0651651651651652
"913",2.47747747747748,0.112812812812813,0.35975975975976,0.175075075075075,0.138138138138138
"914",2.48348348348348,0.361861861861862,0.356156156156156,0.344744744744745,0.142792792792793
"915",2.48948948948949,0.316216216216216,0.416216216216216,0.17957957957958,0.003003003003003
"916",2.4954954954955,0.128028028028028,0.171771771771772,0.234634634634635,0.11951951951952
"917",2.5015015015015,0.153253253253253,0.539339339339339,0.13953953953954,0.0129129129129129
"918",2.50750750750751,0.206106106106106,0.236636636636637,0.313713713713714,0.112312312312312
"919",2.51351351351351,0.446346346346346,0.0774774774774775,0.492392392392392,0.13018018018018
"920",2.51951951951952,0.161661661661662,0.033033033033033,0.177077077077077,0.0641141141141141
"921",2.52552552552553,0.336236236236236,0.0144144144144144,0.316216216216216,0.111561561561562
"922",2.53153153153153,0.413113113113113,0.0414414414414414,0.196096096096096,0.0864864864864865
"923",2.53753753753754,0.47957957957958,0.126126126126126,0.118518518518519,0.0537537537537537
"924",2.54354354354354,0.338638638638639,0.295495495495495,0.426826826826827,0.0617117117117117
"925",2.54954954954955,0.414714714714715,0.104504504504505,0.360760760760761,0.134234234234234
"926",2.55555555555556,0.146846846846847,0.568168168168168,0.232632632632633,0.121171171171171
"927",2.56156156156156,0.465565565565566,0.285885885885886,0.58998998998999,0.141891891891892
"928",2.56756756756757,0.217717717717718,0.482882882882883,0.225125125125125,0.0837837837837838
"929",2.57357357357357,0.222122122122122,0.305705705705706,0.178078078078078,0.0372372372372372
"930",2.57957957957958,0.147247247247247,0.191591591591592,0.138038038038038,0.0033033033033033
"931",2.58558558558559,0.367467467467468,0.0354354354354354,0.411811811811812,0.081981981981982
"932",2.59159159159159,0.298598598598599,0.326126126126126,0.29019019019019,0.0657657657657658
"933",2.5975975975976,0.481581581581582,0.0798798798798799,0.406306306306306,0.0465465465465465
"934",2.6036036036036,0.249349349349349,0.226426426426426,0.284684684684685,0.128528528528529
"935",2.60960960960961,0.411511511511512,0.132132132132132,0.546446446446446,0.039039039039039
"936",2.61561561561562,0.317017017017017,0.314114114114114,0.224624624624625,0.083033033033033
"937",2.62162162162162,0.313413413413413,0.312312312312312,0.158558558558559,0.0327327327327327
"938",2.62762762762763,0.19009009009009,0.286486486486486,0.592992992992993,0.086036036036036
"939",2.63363363363363,0.433133133133133,0.375975975975976,0.580980980980981,0.114864864864865
"940",2.63963963963964,0.144044044044044,0.483483483483483,0.21961961961962,0.0681681681681682
"941",2.64564564564565,0.378678678678679,0.203003003003003,0.165065065065065,0.0190690690690691
"942",2.65165165165165,0.186486486486486,0.165765765765766,0.161061061061061,0.0900900900900901
"943",2.65765765765766,0.412712712712713,0.0594594594594595,0.272672672672673,0.0054054054054054
"944",2.66366366366366,0.169269269269269,0.248648648648649,0.590990990990991,0.1496996996997
"945",2.66966966966967,0.196096096096096,0.154954954954955,0.581981981981982,0.0153153153153153
"946",2.67567567567568,0.244144144144144,0.111111111111111,0.404804804804805,0.0771771771771772
"947",2.68168168168168,0.127227227227227,0.16036036036036,0.301201201201201,0.127327327327327
"948",2.68768768768769,0.424724724724725,0.289489489489489,0.269169169169169,0.0720720720720721
"949",2.69369369369369,0.26976976976977,0.596396396396396,0.361261261261261,0.102552552552553
"950",2.6996996996997,0.301801801801802,0.181381381381381,0.421321321321321,0.0225225225225225
"951",2.70570570570571,0.432332332332332,0.536336336336336,0.567967967967968,0.105255255255255
"952",2.71171171171171,0.259359359359359,0.541741741741742,0.198598598598599,0.0178678678678679
"953",2.71771771771772,0.293393393393393,0.0186186186186186,0.308208208208208,0.0678678678678679
"954",2.72372372372372,0.123223223223223,0.0396396396396396,0.478878878878879,0.0978978978978979
"955",2.72972972972973,0.35025025025025,0.0306306306306306,0.143543543543544,0.146246246246246
"956",2.73573573573574,0.128828828828829,0.120720720720721,0.117517517517518,0.00975975975975976
"957",2.74174174174174,0.310610610610611,0.0198198198198198,0.185585585585586,0.148048048048048
"958",2.74774774774775,0.429529529529529,0.0516516516516516,0.525925925925926,0.0373873873873874
"959",2.75375375375375,0.358658658658659,0.306306306306306,0.294194194194194,0.100750750750751
"960",2.75975975975976,0.156056056056056,0.460660660660661,0.44984984984985,0.0666666666666667
"961",2.76576576576577,0.133233233233233,0.16996996996997,0.218118118118118,0.113363363363363
"962",2.77177177177177,0.488388388388388,0.479279279279279,0.425825825825826,0.0942942942942943
"963",2.77777777777778,0.478778778778779,0.303303303303303,0.573973973973974,0.0226726726726727
"964",2.78378378378378,0.415915915915916,0.227027027027027,0.45035035035035,0.110960960960961
"965",2.78978978978979,0.419119119119119,0.38018018018018,0.536436436436436,0.0930930930930931
"966",2.7957957957958,0.256956956956957,0.395195195195195,0.325225225225225,0.128978978978979
"967",2.8018018018018,0.388288288288288,0.152552552552553,0.516416416416416,0.087987987987988
"968",2.80780780780781,0.128428428428428,0.57957957957958,0.232132132132132,0.134834834834835
"969",2.81381381381381,0.427927927927928,0.204804804804805,0.586986986986987,0.0591591591591592
"970",2.81981981981982,0.234134134134134,0.357957957957958,0.445345345345345,0.0507507507507508
"971",2.82582582582583,0.200900900900901,0.147147147147147,0.47987987987988,0.0217717717717718
"972",2.83183183183183,0.391891891891892,0.377177177177177,0.276676676676677,0.1
"973",2.83783783783784,0.138838838838839,0.351951951951952,0.543943943943944,0.0993993993993994
"974",2.84384384384384,0.12002002002002,0.352552552552553,0.19009009009009,0.132732732732733
"975",2.84984984984985,0.156456456456456,0.263663663663664,0.220620620620621,0.145195195195195
"976",2.85585585585586,0.196896896896897,0.532732732732733,0.420820820820821,0.0265765765765766
"977",2.86186186186186,0.170870870870871,0.341141141141141,0.391291291291291,0.0484984984984985
"978",2.86786786786787,0.292992992992993,0.273273273273273,0.442842842842843,0.139189189189189
"979",2.87387387387387,0.32982982982983,0.237837837837838,0.464864864864865,0.142492492492492
"980",2.87987987987988,0.276976976976977,0.554354354354354,0.448848848848849,0.0474474474474474
"981",2.88588588588589,0.1,0.251051051051051,0.364764764764765,0.148798798798799
"982",2.89189189189189,0.321021021021021,0.048048048048048,0.367267267267267,0.0984984984984985
"983",2.8978978978979,0.232532532532533,0.042042042042042,0.180580580580581,0.0343843843843844
"984",2.9039039039039,0.272172172172172,0.426426426426426,0.461861861861862,0.0506006006006006
"985",2.90990990990991,0.194894894894895,0.257657657657658,0.168068068068068,0.0675675675675676
"986",2.91591591591592,0.398698698698699,0.130930930930931,0.31971971971972,0.075975975975976
"987",2.92192192192192,0.284984984984985,0.0138138138138138,0.110510510510511,0.0003003003003003
"988",2.92792792792793,0.409509509509509,0.0126126126126126,0.162062062062062,0.0168168168168168
"989",2.93393393393393,0.207707707707708,0.0858858858858859,0.521921921921922,0.0429429429429429
"990",2.93993993993994,0.304604604604605,0.515315315315315,0.392792792792793,0.0894894894894895
"991",2.94594594594595,0.307807807807808,0.422222222222222,0.44034034034034,0.0902402402402402
"992",2.95195195195195,0.132032032032032,0.323723723723724,0.158058058058058,0.112162162162162
"993",2.95795795795796,0.264164164164164,0.17957957957958,0.312712712712713,0.103003003003003
"994",2.96396396396396,0.110810810810811,0.546546546546547,0.502402402402402,0.062012012012012
"995",2.96996996996997,0.30980980980981,0.435435435435435,0.476876876876877,0.0163663663663664
"996",2.97597597597598,0.406706706706707,0.384384384384384,0.593493493493493,0.11021021021021
"997",2.98198198198198,0.43953953953954,0.264264264264264,0.106006006006006,0.0905405405405405
"998",2.98798798798799,0.443143143143143,0.398798798798799,0.311711711711712,0.0423423423423423
"999",2.99399399399399,0.417117117117117,0.11951951951952,0.413313313313313,0.0459459459459459
"1000",3,0.131631631631632,0.560960960960961,0.408808808808809,0.145645645645646
