"knowa1raw","knowb1raw","knowc1raw","redstc1raw","taxc1raw","wagec1raw","euc1raw","redstl1raw","taxl1raw","wagel1raw","eul1raw","redstld1raw","taxld1raw","wageld1raw","euld1raw","knowa2raw","knowb2raw","knowc2raw","redstc2raw","taxc2raw","wagec2raw","euc2raw","redstl2raw","taxl2raw","wagel2raw","eul2raw","redstld2raw","taxld2raw","wageld2raw","euld2raw","female"
0,1,1,TRUE,FALSE,FALSE,FALSE,TRUE,TRUE,TRUE,TRUE,FALSE,FALSE,FALSE,FALSE,0,0,1,FALSE,FALSE,FALSE,FALSE,TRUE,TRUE,TRUE,TRUE,TRUE,NA,NA,TRUE,1
1,0,0,TRUE,TRUE,TRUE,TRUE,TRUE,TRUE,TRUE,TRUE,FALSE,FALSE,FALSE,TRUE,0,0,1,FALSE,FALSE,FALSE,NA,TRUE,TRUE,TRUE,NA,TRUE,TRUE,TRUE,NA,1
1,0,0,FALSE,TRUE,FALSE,FALSE,TRUE,TRUE,TRUE,FALSE,FALSE,FALSE,FALSE,FALSE,1,0,NA,FALSE,FALSE,TRUE,FALSE,FALSE,FALSE,TRUE,TRUE,TRUE,TRUE,TRUE,TRUE,1
1,1,1,FALSE,FALSE,TRUE,FALSE,FALSE,TRUE,TRUE,TRUE,FALSE,TRUE,TRUE,TRUE,1,1,0,FALSE,FALSE,FALSE,FALSE,TRUE,TRUE,FALSE,TRUE,TRUE,TRUE,FALSE,TRUE,1
1,1,1,TRUE,TRUE,TRUE,TRUE,TRUE,TRUE,TRUE,TRUE,TRUE,TRUE,TRUE,TRUE,1,1,1,TRUE,TRUE,TRUE,TRUE,TRUE,FALSE,TRUE,TRUE,TRUE,TRUE,TRUE,TRUE,1
1,1,0,FALSE,FALSE,FALSE,FALSE,FALSE,FALSE,TRUE,FALSE,FALSE,FALSE,TRUE,FALSE,1,0,1,FALSE,FALSE,FALSE,FALSE,TRUE,TRUE,TRUE,TRUE,TRUE,TRUE,TRUE,TRUE,1
1,NA,NA,NA,FALSE,FALSE,TRUE,FALSE,TRUE,TRUE,FALSE,TRUE,TRUE,TRUE,FALSE,1,1,0,TRUE,FALSE,FALSE,TRUE,FALSE,FALSE,FALSE,FALSE,FALSE,TRUE,FALSE,FALSE,1
NA,NA,NA,TRUE,NA,FALSE,FALSE,TRUE,FALSE,TRUE,TRUE,FALSE,FALSE,NA,TRUE,1,NA,1,TRUE,FALSE,NA,NA,TRUE,TRUE,TRUE,NA,NA,TRUE,TRUE,TRUE,1
1,NA,NA,FALSE,NA,FALSE,NA,FALSE,NA,TRUE,NA,NA,NA,TRUE,NA,NA,NA,0,FALSE,FALSE,NA,NA,TRUE,TRUE,NA,NA,TRUE,TRUE,NA,NA,1
0,NA,0,FALSE,NA,NA,NA,TRUE,NA,NA,NA,TRUE,NA,NA,NA,1,NA,0,NA,FALSE,NA,NA,FALSE,TRUE,NA,NA,TRUE,TRUE,TRUE,NA,1
1,1,1,FALSE,FALSE,FALSE,NA,TRUE,TRUE,TRUE,NA,TRUE,TRUE,TRUE,NA,1,1,1,FALSE,FALSE,FALSE,FALSE,TRUE,TRUE,TRUE,FALSE,TRUE,TRUE,TRUE,FALSE,1
1,1,1,TRUE,TRUE,TRUE,FALSE,TRUE,FALSE,TRUE,TRUE,TRUE,TRUE,FALSE,FALSE,1,1,1,TRUE,TRUE,TRUE,FALSE,TRUE,FALSE,TRUE,TRUE,TRUE,TRUE,TRUE,TRUE,1
1,NA,1,NA,FALSE,FALSE,NA,NA,TRUE,TRUE,NA,NA,TRUE,TRUE,NA,NA,NA,1,FALSE,FALSE,FALSE,NA,TRUE,TRUE,TRUE,NA,TRUE,NA,NA,NA,1
0,0,1,FALSE,FALSE,NA,FALSE,TRUE,TRUE,NA,TRUE,TRUE,NA,NA,TRUE,1,0,NA,TRUE,FALSE,TRUE,FALSE,TRUE,TRUE,TRUE,TRUE,TRUE,TRUE,TRUE,TRUE,1
0,0,1,FALSE,FALSE,FALSE,FALSE,TRUE,TRUE,TRUE,FALSE,TRUE,TRUE,TRUE,FALSE,1,1,1,TRUE,TRUE,TRUE,FALSE,FALSE,FALSE,TRUE,TRUE,FALSE,FALSE,FALSE,TRUE,1
0,0,0,TRUE,TRUE,TRUE,NA,TRUE,TRUE,TRUE,TRUE,NA,TRUE,TRUE,TRUE,1,NA,0,TRUE,TRUE,NA,NA,TRUE,TRUE,TRUE,NA,TRUE,TRUE,TRUE,NA,1
1,1,0,TRUE,TRUE,TRUE,FALSE,TRUE,TRUE,TRUE,FALSE,TRUE,TRUE,TRUE,FALSE,NA,1,NA,TRUE,NA,TRUE,FALSE,TRUE,TRUE,TRUE,FALSE,TRUE,TRUE,FALSE,FALSE,1
NA,NA,0,FALSE,FALSE,FALSE,FALSE,TRUE,TRUE,TRUE,TRUE,TRUE,TRUE,TRUE,TRUE,1,0,NA,FALSE,FALSE,FALSE,FALSE,TRUE,TRUE,TRUE,TRUE,TRUE,TRUE,TRUE,TRUE,1
1,1,1,FALSE,FALSE,FALSE,FALSE,TRUE,TRUE,TRUE,TRUE,TRUE,TRUE,FALSE,TRUE,1,1,1,TRUE,FALSE,TRUE,FALSE,TRUE,FALSE,TRUE,TRUE,TRUE,TRUE,TRUE,TRUE,1
0,1,1,TRUE,FALSE,TRUE,FALSE,TRUE,TRUE,TRUE,TRUE,TRUE,TRUE,TRUE,TRUE,0,0,1,TRUE,FALSE,TRUE,FALSE,TRUE,TRUE,TRUE,TRUE,TRUE,TRUE,TRUE,TRUE,1
NA,NA,0,FALSE,FALSE,FALSE,NA,FALSE,TRUE,FALSE,NA,TRUE,FALSE,NA,NA,1,NA,0,FALSE,FALSE,TRUE,TRUE,TRUE,FALSE,TRUE,FALSE,NA,NA,NA,NA,1
1,NA,0,FALSE,FALSE,FALSE,FALSE,TRUE,TRUE,TRUE,TRUE,TRUE,TRUE,TRUE,TRUE,1,1,0,FALSE,FALSE,FALSE,FALSE,TRUE,TRUE,TRUE,TRUE,TRUE,TRUE,TRUE,TRUE,1
1,0,1,FALSE,TRUE,TRUE,TRUE,NA,TRUE,TRUE,TRUE,TRUE,TRUE,TRUE,TRUE,1,1,1,FALSE,FALSE,TRUE,FALSE,FALSE,TRUE,TRUE,TRUE,FALSE,TRUE,FALSE,TRUE,1
1,1,0,FALSE,TRUE,TRUE,TRUE,TRUE,TRUE,TRUE,FALSE,NA,FALSE,TRUE,FALSE,0,0,0,FALSE,FALSE,FALSE,FALSE,TRUE,TRUE,TRUE,FALSE,NA,FALSE,FALSE,FALSE,1
0,0,1,FALSE,FALSE,TRUE,FALSE,TRUE,TRUE,TRUE,FALSE,TRUE,FALSE,FALSE,FALSE,0,0,1,TRUE,FALSE,TRUE,FALSE,TRUE,FALSE,TRUE,TRUE,FALSE,TRUE,TRUE,TRUE,1
1,1,1,FALSE,FALSE,TRUE,TRUE,FALSE,TRUE,FALSE,FALSE,FALSE,TRUE,FALSE,FALSE,1,1,0,FALSE,FALSE,TRUE,FALSE,FALSE,TRUE,FALSE,FALSE,FALSE,TRUE,FALSE,FALSE,1
1,0,1,FALSE,FALSE,TRUE,TRUE,FALSE,TRUE,FALSE,FALSE,FALSE,TRUE,FALSE,FALSE,0,1,1,FALSE,FALSE,TRUE,TRUE,TRUE,TRUE,FALSE,FALSE,TRUE,TRUE,FALSE,FALSE,1
1,1,0,TRUE,TRUE,FALSE,FALSE,TRUE,TRUE,TRUE,FALSE,FALSE,FALSE,FALSE,FALSE,1,1,1,TRUE,TRUE,TRUE,FALSE,TRUE,TRUE,TRUE,TRUE,TRUE,TRUE,TRUE,TRUE,1
1,1,0,FALSE,FALSE,TRUE,TRUE,NA,FALSE,TRUE,TRUE,NA,NA,NA,NA,1,0,1,TRUE,FALSE,TRUE,FALSE,TRUE,TRUE,TRUE,TRUE,TRUE,TRUE,FALSE,TRUE,1
0,0,1,TRUE,FALSE,FALSE,FALSE,TRUE,TRUE,TRUE,FALSE,FALSE,FALSE,TRUE,FALSE,0,1,1,FALSE,FALSE,TRUE,FALSE,TRUE,FALSE,TRUE,FALSE,TRUE,TRUE,FALSE,FALSE,1
1,0,0,FALSE,FALSE,FALSE,FALSE,FALSE,TRUE,FALSE,FALSE,FALSE,TRUE,FALSE,FALSE,1,NA,0,FALSE,FALSE,FALSE,TRUE,FALSE,TRUE,FALSE,FALSE,TRUE,TRUE,TRUE,FALSE,1
0,0,NA,FALSE,FALSE,FALSE,FALSE,TRUE,TRUE,TRUE,TRUE,TRUE,TRUE,TRUE,FALSE,0,0,1,TRUE,FALSE,TRUE,FALSE,TRUE,TRUE,TRUE,FALSE,TRUE,TRUE,TRUE,TRUE,1
1,0,0,TRUE,TRUE,NA,TRUE,TRUE,TRUE,NA,FALSE,NA,NA,NA,NA,1,1,1,FALSE,FALSE,FALSE,FALSE,TRUE,TRUE,TRUE,FALSE,TRUE,TRUE,TRUE,FALSE,1
1,1,0,FALSE,FALSE,FALSE,FALSE,FALSE,TRUE,FALSE,FALSE,FALSE,TRUE,FALSE,FALSE,NA,NA,NA,FALSE,FALSE,TRUE,FALSE,TRUE,TRUE,TRUE,FALSE,TRUE,TRUE,TRUE,FALSE,1
0,NA,NA,NA,TRUE,TRUE,FALSE,NA,TRUE,TRUE,NA,NA,TRUE,NA,NA,1,NA,0,FALSE,FALSE,FALSE,FALSE,TRUE,TRUE,TRUE,TRUE,TRUE,TRUE,TRUE,TRUE,1
1,0,1,TRUE,TRUE,TRUE,TRUE,TRUE,TRUE,TRUE,TRUE,TRUE,TRUE,TRUE,TRUE,1,1,1,TRUE,TRUE,TRUE,TRUE,TRUE,TRUE,TRUE,TRUE,TRUE,TRUE,TRUE,TRUE,1
0,NA,NA,NA,FALSE,FALSE,FALSE,NA,TRUE,TRUE,TRUE,NA,TRUE,TRUE,TRUE,1,1,1,NA,TRUE,FALSE,FALSE,NA,TRUE,TRUE,TRUE,NA,TRUE,TRUE,TRUE,1
1,0,NA,TRUE,TRUE,FALSE,FALSE,TRUE,TRUE,TRUE,FALSE,TRUE,TRUE,TRUE,TRUE,1,1,0,TRUE,FALSE,FALSE,FALSE,TRUE,FALSE,TRUE,TRUE,TRUE,TRUE,TRUE,TRUE,1
0,NA,NA,TRUE,FALSE,TRUE,FALSE,FALSE,FALSE,TRUE,FALSE,NA,NA,NA,NA,NA,NA,NA,FALSE,FALSE,TRUE,FALSE,FALSE,TRUE,FALSE,NA,TRUE,TRUE,FALSE,NA,1
0,1,0,TRUE,TRUE,TRUE,FALSE,TRUE,TRUE,TRUE,TRUE,TRUE,TRUE,TRUE,TRUE,NA,1,1,FALSE,TRUE,TRUE,TRUE,TRUE,TRUE,TRUE,TRUE,TRUE,TRUE,TRUE,TRUE,1
1,0,0,FALSE,FALSE,FALSE,FALSE,TRUE,TRUE,TRUE,FALSE,FALSE,FALSE,FALSE,FALSE,1,0,0,TRUE,FALSE,TRUE,TRUE,TRUE,TRUE,TRUE,TRUE,TRUE,TRUE,TRUE,FALSE,1
1,0,0,TRUE,TRUE,TRUE,FALSE,FALSE,TRUE,TRUE,TRUE,FALSE,TRUE,TRUE,TRUE,0,1,1,TRUE,FALSE,TRUE,FALSE,TRUE,TRUE,TRUE,TRUE,TRUE,TRUE,TRUE,TRUE,1
0,0,0,NA,TRUE,FALSE,FALSE,NA,FALSE,TRUE,TRUE,NA,NA,NA,NA,1,0,NA,TRUE,TRUE,TRUE,TRUE,TRUE,FALSE,TRUE,TRUE,TRUE,TRUE,NA,TRUE,1
0,NA,NA,FALSE,NA,TRUE,NA,TRUE,NA,TRUE,NA,NA,NA,NA,NA,NA,NA,NA,FALSE,FALSE,FALSE,FALSE,FALSE,FALSE,TRUE,FALSE,NA,NA,FALSE,NA,1
0,1,0,TRUE,TRUE,TRUE,FALSE,TRUE,TRUE,TRUE,TRUE,TRUE,FALSE,FALSE,TRUE,0,1,0,TRUE,TRUE,TRUE,FALSE,TRUE,TRUE,TRUE,TRUE,TRUE,TRUE,FALSE,TRUE,1
1,0,0,FALSE,FALSE,FALSE,FALSE,FALSE,TRUE,TRUE,TRUE,TRUE,TRUE,TRUE,FALSE,1,0,1,FALSE,FALSE,TRUE,FALSE,TRUE,TRUE,FALSE,FALSE,TRUE,TRUE,FALSE,FALSE,1
1,0,1,TRUE,FALSE,FALSE,FALSE,FALSE,FALSE,TRUE,FALSE,FALSE,FALSE,FALSE,FALSE,1,NA,1,FALSE,FALSE,FALSE,FALSE,TRUE,TRUE,TRUE,TRUE,TRUE,TRUE,TRUE,TRUE,1
1,0,NA,NA,FALSE,NA,NA,NA,FALSE,NA,NA,NA,NA,NA,NA,1,0,0,FALSE,FALSE,FALSE,NA,TRUE,TRUE,TRUE,NA,TRUE,TRUE,TRUE,NA,1
1,NA,1,FALSE,FALSE,FALSE,FALSE,TRUE,FALSE,TRUE,FALSE,TRUE,TRUE,FALSE,FALSE,1,1,1,FALSE,FALSE,FALSE,TRUE,FALSE,FALSE,TRUE,FALSE,FALSE,FALSE,TRUE,FALSE,1
0,0,NA,FALSE,FALSE,TRUE,FALSE,TRUE,TRUE,TRUE,FALSE,TRUE,TRUE,TRUE,FALSE,1,0,NA,FALSE,TRUE,FALSE,FALSE,TRUE,TRUE,TRUE,TRUE,TRUE,TRUE,TRUE,TRUE,1
1,0,NA,FALSE,FALSE,FALSE,FALSE,TRUE,TRUE,TRUE,FALSE,TRUE,TRUE,TRUE,FALSE,1,NA,NA,TRUE,TRUE,FALSE,TRUE,TRUE,TRUE,TRUE,TRUE,TRUE,FALSE,FALSE,FALSE,1
1,0,1,TRUE,TRUE,TRUE,TRUE,TRUE,TRUE,TRUE,TRUE,TRUE,TRUE,TRUE,TRUE,1,1,1,TRUE,TRUE,TRUE,TRUE,TRUE,TRUE,TRUE,TRUE,TRUE,TRUE,TRUE,TRUE,1
NA,0,0,FALSE,FALSE,FALSE,FALSE,TRUE,TRUE,TRUE,FALSE,TRUE,TRUE,TRUE,FALSE,NA,1,1,FALSE,FALSE,TRUE,FALSE,FALSE,TRUE,TRUE,TRUE,TRUE,TRUE,FALSE,FALSE,1
1,0,1,FALSE,TRUE,TRUE,FALSE,FALSE,TRUE,TRUE,FALSE,FALSE,FALSE,TRUE,FALSE,1,0,1,TRUE,FALSE,TRUE,FALSE,TRUE,TRUE,TRUE,TRUE,TRUE,TRUE,TRUE,TRUE,1
0,NA,NA,NA,NA,TRUE,NA,NA,TRUE,TRUE,NA,NA,NA,NA,NA,NA,0,1,FALSE,FALSE,FALSE,FALSE,TRUE,TRUE,TRUE,NA,TRUE,TRUE,TRUE,NA,1
0,0,0,TRUE,TRUE,FALSE,TRUE,TRUE,TRUE,TRUE,TRUE,TRUE,TRUE,TRUE,TRUE,1,0,0,TRUE,TRUE,FALSE,FALSE,TRUE,TRUE,TRUE,TRUE,TRUE,TRUE,TRUE,TRUE,1
1,0,1,TRUE,TRUE,TRUE,FALSE,TRUE,TRUE,TRUE,TRUE,TRUE,TRUE,TRUE,TRUE,0,1,1,TRUE,TRUE,TRUE,FALSE,TRUE,FALSE,TRUE,TRUE,TRUE,TRUE,TRUE,TRUE,1
1,NA,0,TRUE,FALSE,TRUE,FALSE,FALSE,TRUE,FALSE,TRUE,FALSE,TRUE,FALSE,TRUE,0,1,0,TRUE,TRUE,TRUE,FALSE,TRUE,FALSE,TRUE,TRUE,TRUE,TRUE,TRUE,TRUE,1
1,0,NA,FALSE,FALSE,FALSE,NA,NA,TRUE,NA,NA,NA,NA,NA,NA,1,1,1,FALSE,FALSE,NA,NA,TRUE,TRUE,TRUE,FALSE,TRUE,TRUE,NA,NA,1
0,0,NA,NA,FALSE,FALSE,NA,TRUE,TRUE,TRUE,NA,TRUE,TRUE,TRUE,NA,1,0,NA,FALSE,FALSE,FALSE,NA,TRUE,TRUE,TRUE,NA,TRUE,TRUE,TRUE,TRUE,1
NA,NA,NA,FALSE,FALSE,FALSE,TRUE,TRUE,TRUE,TRUE,FALSE,TRUE,TRUE,TRUE,FALSE,1,0,0,FALSE,FALSE,FALSE,FALSE,TRUE,TRUE,TRUE,TRUE,TRUE,TRUE,TRUE,TRUE,1
0,0,NA,TRUE,FALSE,TRUE,FALSE,FALSE,TRUE,TRUE,FALSE,TRUE,FALSE,TRUE,NA,1,0,1,NA,FALSE,FALSE,FALSE,FALSE,TRUE,TRUE,TRUE,TRUE,TRUE,TRUE,TRUE,1
NA,1,1,TRUE,FALSE,FALSE,FALSE,TRUE,FALSE,FALSE,FALSE,NA,NA,NA,NA,NA,1,1,TRUE,FALSE,TRUE,FALSE,TRUE,TRUE,TRUE,FALSE,TRUE,TRUE,TRUE,FALSE,1
1,0,NA,TRUE,FALSE,FALSE,TRUE,FALSE,TRUE,FALSE,TRUE,TRUE,FALSE,FALSE,FALSE,NA,NA,1,FALSE,TRUE,TRUE,TRUE,TRUE,FALSE,TRUE,TRUE,FALSE,TRUE,TRUE,FALSE,1
1,0,0,FALSE,TRUE,TRUE,FALSE,TRUE,TRUE,TRUE,NA,TRUE,TRUE,TRUE,NA,0,0,1,FALSE,FALSE,FALSE,FALSE,TRUE,TRUE,TRUE,TRUE,FALSE,FALSE,FALSE,TRUE,1
NA,0,1,TRUE,TRUE,TRUE,FALSE,TRUE,TRUE,TRUE,TRUE,FALSE,FALSE,FALSE,TRUE,0,0,1,TRUE,TRUE,TRUE,FALSE,TRUE,FALSE,TRUE,FALSE,TRUE,TRUE,FALSE,TRUE,1
1,0,1,TRUE,FALSE,FALSE,FALSE,TRUE,FALSE,TRUE,NA,FALSE,NA,NA,NA,0,1,1,TRUE,FALSE,FALSE,FALSE,TRUE,TRUE,TRUE,TRUE,TRUE,TRUE,TRUE,FALSE,1
0,0,1,TRUE,FALSE,TRUE,TRUE,TRUE,TRUE,TRUE,TRUE,TRUE,TRUE,TRUE,TRUE,0,1,NA,TRUE,TRUE,FALSE,TRUE,TRUE,FALSE,TRUE,TRUE,TRUE,TRUE,TRUE,TRUE,1
NA,NA,0,FALSE,FALSE,FALSE,FALSE,TRUE,TRUE,TRUE,FALSE,NA,TRUE,TRUE,FALSE,1,NA,0,TRUE,NA,TRUE,NA,TRUE,NA,NA,NA,TRUE,NA,NA,NA,1
NA,1,NA,TRUE,TRUE,TRUE,NA,TRUE,TRUE,TRUE,NA,FALSE,TRUE,FALSE,NA,1,1,0,TRUE,TRUE,TRUE,FALSE,TRUE,FALSE,TRUE,TRUE,TRUE,TRUE,TRUE,TRUE,1
1,1,0,TRUE,FALSE,TRUE,FALSE,TRUE,TRUE,TRUE,FALSE,TRUE,TRUE,TRUE,TRUE,1,NA,0,FALSE,FALSE,NA,FALSE,TRUE,TRUE,NA,TRUE,TRUE,TRUE,NA,TRUE,1
0,1,0,FALSE,NA,FALSE,FALSE,FALSE,NA,TRUE,TRUE,NA,NA,NA,NA,0,0,0,FALSE,FALSE,FALSE,FALSE,FALSE,TRUE,TRUE,TRUE,TRUE,FALSE,TRUE,TRUE,1
1,NA,1,FALSE,FALSE,FALSE,FALSE,TRUE,TRUE,TRUE,FALSE,TRUE,FALSE,TRUE,FALSE,1,0,NA,FALSE,FALSE,FALSE,TRUE,FALSE,FALSE,TRUE,TRUE,TRUE,TRUE,TRUE,TRUE,1
1,0,NA,TRUE,TRUE,TRUE,NA,TRUE,TRUE,TRUE,NA,NA,NA,NA,NA,1,1,0,TRUE,FALSE,FALSE,FALSE,TRUE,TRUE,TRUE,TRUE,TRUE,TRUE,TRUE,TRUE,1
1,1,1,FALSE,TRUE,TRUE,TRUE,FALSE,TRUE,TRUE,TRUE,NA,FALSE,NA,NA,1,1,1,TRUE,TRUE,TRUE,NA,TRUE,FALSE,TRUE,TRUE,TRUE,FALSE,TRUE,TRUE,1
NA,NA,NA,FALSE,FALSE,FALSE,FALSE,FALSE,TRUE,TRUE,FALSE,FALSE,FALSE,TRUE,FALSE,NA,NA,NA,FALSE,FALSE,TRUE,FALSE,NA,NA,NA,TRUE,NA,NA,NA,TRUE,1
1,1,0,TRUE,TRUE,TRUE,FALSE,TRUE,TRUE,TRUE,TRUE,TRUE,TRUE,TRUE,TRUE,1,1,NA,TRUE,TRUE,TRUE,FALSE,TRUE,TRUE,TRUE,TRUE,TRUE,TRUE,TRUE,TRUE,1
0,0,0,FALSE,TRUE,TRUE,FALSE,TRUE,FALSE,TRUE,FALSE,TRUE,TRUE,TRUE,FALSE,0,1,0,FALSE,FALSE,FALSE,TRUE,TRUE,FALSE,TRUE,FALSE,TRUE,FALSE,TRUE,FALSE,1
1,0,1,FALSE,FALSE,FALSE,FALSE,TRUE,FALSE,TRUE,FALSE,TRUE,FALSE,TRUE,FALSE,0,0,0,FALSE,FALSE,FALSE,FALSE,TRUE,TRUE,TRUE,TRUE,FALSE,TRUE,TRUE,TRUE,1
0,0,0,FALSE,FALSE,FALSE,TRUE,TRUE,TRUE,FALSE,FALSE,TRUE,TRUE,FALSE,FALSE,1,0,1,NA,FALSE,NA,FALSE,NA,TRUE,NA,FALSE,NA,TRUE,NA,FALSE,1
0,0,NA,TRUE,TRUE,TRUE,FALSE,TRUE,TRUE,TRUE,FALSE,FALSE,TRUE,FALSE,FALSE,0,1,NA,FALSE,TRUE,TRUE,TRUE,TRUE,TRUE,TRUE,TRUE,TRUE,TRUE,TRUE,TRUE,1
1,1,1,TRUE,FALSE,TRUE,FALSE,TRUE,TRUE,TRUE,TRUE,FALSE,TRUE,TRUE,TRUE,1,1,1,FALSE,FALSE,FALSE,FALSE,TRUE,TRUE,TRUE,TRUE,TRUE,TRUE,TRUE,TRUE,1
1,0,0,FALSE,FALSE,FALSE,FALSE,FALSE,TRUE,TRUE,FALSE,FALSE,TRUE,TRUE,FALSE,NA,0,1,FALSE,FALSE,FALSE,FALSE,TRUE,TRUE,TRUE,TRUE,TRUE,TRUE,TRUE,TRUE,1
1,0,1,TRUE,FALSE,TRUE,FALSE,FALSE,TRUE,FALSE,FALSE,FALSE,TRUE,FALSE,FALSE,1,1,1,TRUE,FALSE,TRUE,FALSE,TRUE,FALSE,FALSE,TRUE,TRUE,TRUE,FALSE,TRUE,1
0,NA,1,TRUE,FALSE,FALSE,FALSE,FALSE,TRUE,FALSE,TRUE,NA,NA,NA,NA,1,1,1,FALSE,FALSE,TRUE,TRUE,TRUE,FALSE,FALSE,TRUE,TRUE,TRUE,TRUE,TRUE,1
0,1,NA,TRUE,NA,TRUE,TRUE,TRUE,TRUE,FALSE,FALSE,TRUE,TRUE,FALSE,FALSE,0,1,1,TRUE,FALSE,FALSE,FALSE,TRUE,TRUE,TRUE,TRUE,TRUE,TRUE,TRUE,TRUE,1
0,1,0,TRUE,FALSE,FALSE,FALSE,FALSE,TRUE,TRUE,TRUE,FALSE,TRUE,TRUE,TRUE,0,1,0,FALSE,FALSE,FALSE,FALSE,TRUE,TRUE,TRUE,FALSE,TRUE,TRUE,TRUE,FALSE,1
0,0,NA,FALSE,FALSE,TRUE,FALSE,FALSE,FALSE,TRUE,FALSE,NA,NA,NA,NA,NA,1,0,TRUE,FALSE,FALSE,FALSE,FALSE,FALSE,TRUE,FALSE,FALSE,FALSE,TRUE,TRUE,1
1,NA,NA,TRUE,FALSE,FALSE,FALSE,FALSE,TRUE,TRUE,FALSE,TRUE,TRUE,TRUE,FALSE,0,0,0,TRUE,TRUE,TRUE,FALSE,TRUE,FALSE,TRUE,TRUE,TRUE,TRUE,TRUE,TRUE,1
NA,0,1,TRUE,FALSE,TRUE,FALSE,TRUE,TRUE,TRUE,TRUE,FALSE,FALSE,FALSE,FALSE,NA,1,1,TRUE,TRUE,TRUE,FALSE,TRUE,TRUE,TRUE,TRUE,FALSE,TRUE,TRUE,TRUE,1
NA,NA,0,FALSE,NA,FALSE,TRUE,TRUE,NA,TRUE,FALSE,TRUE,NA,TRUE,FALSE,NA,NA,1,FALSE,FALSE,FALSE,TRUE,FALSE,TRUE,FALSE,FALSE,TRUE,TRUE,FALSE,FALSE,1
1,0,NA,TRUE,TRUE,TRUE,TRUE,TRUE,TRUE,TRUE,TRUE,TRUE,TRUE,TRUE,TRUE,1,1,1,FALSE,FALSE,FALSE,TRUE,TRUE,TRUE,TRUE,FALSE,TRUE,TRUE,TRUE,FALSE,1
1,1,NA,TRUE,FALSE,NA,FALSE,TRUE,TRUE,NA,FALSE,FALSE,FALSE,NA,FALSE,1,NA,1,TRUE,FALSE,FALSE,FALSE,FALSE,TRUE,FALSE,TRUE,TRUE,TRUE,TRUE,TRUE,1
1,1,1,FALSE,FALSE,FALSE,NA,TRUE,TRUE,TRUE,NA,TRUE,TRUE,TRUE,NA,1,NA,0,FALSE,FALSE,TRUE,NA,TRUE,TRUE,NA,NA,TRUE,TRUE,TRUE,NA,1
1,NA,NA,TRUE,FALSE,TRUE,NA,TRUE,TRUE,TRUE,NA,NA,NA,NA,NA,1,0,0,FALSE,FALSE,FALSE,NA,TRUE,TRUE,TRUE,NA,TRUE,TRUE,TRUE,NA,1
0,NA,NA,FALSE,TRUE,FALSE,TRUE,TRUE,TRUE,TRUE,TRUE,TRUE,TRUE,TRUE,TRUE,0,0,0,TRUE,TRUE,TRUE,TRUE,TRUE,TRUE,TRUE,TRUE,TRUE,TRUE,TRUE,TRUE,1
1,0,1,TRUE,FALSE,TRUE,FALSE,FALSE,FALSE,TRUE,NA,FALSE,TRUE,NA,NA,1,1,1,FALSE,FALSE,TRUE,FALSE,TRUE,TRUE,TRUE,TRUE,TRUE,NA,NA,TRUE,1
1,1,1,TRUE,FALSE,FALSE,FALSE,TRUE,TRUE,TRUE,FALSE,FALSE,TRUE,TRUE,TRUE,1,1,1,TRUE,FALSE,TRUE,FALSE,TRUE,TRUE,TRUE,FALSE,FALSE,TRUE,TRUE,TRUE,1
1,1,NA,TRUE,TRUE,TRUE,FALSE,TRUE,TRUE,TRUE,FALSE,TRUE,TRUE,FALSE,FALSE,1,1,0,TRUE,TRUE,TRUE,TRUE,TRUE,FALSE,TRUE,TRUE,TRUE,TRUE,TRUE,FALSE,1
1,NA,1,TRUE,TRUE,TRUE,TRUE,TRUE,TRUE,TRUE,TRUE,TRUE,TRUE,TRUE,TRUE,NA,1,1,TRUE,FALSE,FALSE,TRUE,TRUE,TRUE,TRUE,TRUE,TRUE,TRUE,TRUE,TRUE,1
0,NA,NA,FALSE,FALSE,FALSE,FALSE,TRUE,TRUE,TRUE,TRUE,TRUE,TRUE,TRUE,TRUE,1,NA,NA,FALSE,FALSE,NA,TRUE,TRUE,TRUE,NA,FALSE,TRUE,TRUE,NA,FALSE,1
NA,NA,NA,FALSE,FALSE,FALSE,FALSE,TRUE,FALSE,TRUE,FALSE,FALSE,TRUE,TRUE,TRUE,NA,0,1,FALSE,FALSE,FALSE,FALSE,TRUE,TRUE,TRUE,TRUE,TRUE,TRUE,TRUE,TRUE,1
NA,NA,0,TRUE,TRUE,TRUE,TRUE,TRUE,TRUE,TRUE,TRUE,NA,TRUE,NA,NA,NA,1,NA,TRUE,TRUE,TRUE,TRUE,FALSE,FALSE,TRUE,FALSE,FALSE,TRUE,TRUE,TRUE,1
1,1,1,FALSE,FALSE,TRUE,FALSE,TRUE,TRUE,TRUE,TRUE,TRUE,TRUE,TRUE,TRUE,1,1,1,TRUE,FALSE,TRUE,TRUE,TRUE,FALSE,TRUE,TRUE,TRUE,TRUE,TRUE,TRUE,1
0,0,NA,TRUE,TRUE,FALSE,FALSE,TRUE,TRUE,TRUE,FALSE,TRUE,FALSE,TRUE,TRUE,0,0,1,TRUE,FALSE,TRUE,TRUE,TRUE,TRUE,TRUE,TRUE,TRUE,TRUE,TRUE,TRUE,1
1,1,1,FALSE,FALSE,FALSE,FALSE,FALSE,TRUE,TRUE,FALSE,TRUE,FALSE,TRUE,FALSE,1,0,1,TRUE,TRUE,TRUE,FALSE,TRUE,TRUE,TRUE,TRUE,TRUE,TRUE,FALSE,TRUE,1
1,1,1,FALSE,FALSE,FALSE,FALSE,TRUE,TRUE,TRUE,TRUE,TRUE,TRUE,TRUE,TRUE,1,1,1,TRUE,FALSE,FALSE,FALSE,TRUE,TRUE,TRUE,TRUE,TRUE,TRUE,TRUE,FALSE,1
NA,NA,NA,NA,FALSE,FALSE,TRUE,NA,FALSE,FALSE,FALSE,NA,FALSE,FALSE,FALSE,NA,NA,NA,NA,NA,FALSE,FALSE,NA,NA,FALSE,TRUE,TRUE,NA,FALSE,TRUE,1
1,1,1,TRUE,FALSE,FALSE,FALSE,TRUE,TRUE,TRUE,TRUE,FALSE,TRUE,FALSE,FALSE,1,0,1,TRUE,TRUE,TRUE,FALSE,TRUE,FALSE,FALSE,FALSE,TRUE,TRUE,FALSE,FALSE,1
0,1,NA,FALSE,FALSE,FALSE,FALSE,TRUE,TRUE,TRUE,TRUE,TRUE,TRUE,TRUE,TRUE,1,NA,NA,NA,NA,NA,NA,TRUE,TRUE,TRUE,TRUE,TRUE,TRUE,TRUE,TRUE,1
1,NA,NA,FALSE,FALSE,FALSE,NA,FALSE,TRUE,TRUE,NA,FALSE,TRUE,TRUE,NA,1,0,NA,TRUE,NA,TRUE,TRUE,FALSE,NA,TRUE,TRUE,TRUE,NA,TRUE,TRUE,1
0,1,0,TRUE,TRUE,TRUE,FALSE,TRUE,TRUE,TRUE,FALSE,NA,NA,TRUE,FALSE,1,0,0,TRUE,TRUE,TRUE,FALSE,FALSE,TRUE,TRUE,FALSE,TRUE,TRUE,TRUE,TRUE,1
1,0,1,TRUE,FALSE,TRUE,FALSE,TRUE,FALSE,TRUE,TRUE,TRUE,TRUE,TRUE,TRUE,1,0,1,TRUE,TRUE,TRUE,FALSE,FALSE,TRUE,TRUE,TRUE,TRUE,TRUE,TRUE,TRUE,1
1,1,0,TRUE,FALSE,TRUE,TRUE,FALSE,FALSE,TRUE,TRUE,TRUE,TRUE,TRUE,TRUE,1,1,1,TRUE,TRUE,TRUE,TRUE,TRUE,TRUE,TRUE,TRUE,TRUE,TRUE,TRUE,TRUE,1
1,1,NA,TRUE,TRUE,FALSE,FALSE,TRUE,TRUE,TRUE,TRUE,TRUE,TRUE,TRUE,TRUE,1,1,1,TRUE,TRUE,TRUE,FALSE,TRUE,FALSE,TRUE,TRUE,TRUE,FALSE,TRUE,NA,1
1,NA,1,TRUE,NA,TRUE,TRUE,TRUE,TRUE,TRUE,TRUE,NA,TRUE,NA,TRUE,0,NA,1,NA,FALSE,NA,NA,NA,TRUE,NA,NA,NA,TRUE,NA,NA,1
0,NA,0,FALSE,FALSE,FALSE,NA,TRUE,FALSE,TRUE,NA,NA,NA,TRUE,NA,0,1,NA,FALSE,FALSE,FALSE,FALSE,TRUE,TRUE,TRUE,TRUE,TRUE,TRUE,TRUE,TRUE,1
1,1,0,TRUE,FALSE,TRUE,NA,TRUE,TRUE,TRUE,NA,TRUE,TRUE,TRUE,NA,NA,1,0,TRUE,FALSE,TRUE,FALSE,TRUE,TRUE,TRUE,TRUE,TRUE,TRUE,TRUE,TRUE,1
1,0,NA,TRUE,TRUE,NA,FALSE,TRUE,TRUE,NA,FALSE,TRUE,TRUE,NA,FALSE,1,1,1,FALSE,TRUE,TRUE,TRUE,TRUE,FALSE,TRUE,TRUE,TRUE,TRUE,TRUE,TRUE,1
NA,1,0,TRUE,FALSE,FALSE,FALSE,TRUE,TRUE,TRUE,FALSE,TRUE,FALSE,TRUE,TRUE,0,0,0,TRUE,FALSE,TRUE,FALSE,TRUE,TRUE,TRUE,FALSE,TRUE,TRUE,TRUE,FALSE,1
0,NA,1,NA,FALSE,NA,FALSE,NA,FALSE,NA,TRUE,NA,NA,NA,NA,0,NA,NA,FALSE,FALSE,FALSE,FALSE,FALSE,FALSE,TRUE,TRUE,TRUE,NA,TRUE,TRUE,1
NA,NA,0,FALSE,FALSE,NA,FALSE,TRUE,FALSE,FALSE,TRUE,TRUE,TRUE,TRUE,TRUE,1,0,0,FALSE,NA,TRUE,FALSE,TRUE,TRUE,TRUE,TRUE,TRUE,TRUE,TRUE,TRUE,1
1,0,NA,FALSE,FALSE,FALSE,FALSE,TRUE,FALSE,TRUE,FALSE,NA,NA,NA,NA,1,0,0,FALSE,FALSE,FALSE,FALSE,TRUE,TRUE,TRUE,TRUE,NA,TRUE,TRUE,TRUE,1
1,0,0,FALSE,FALSE,FALSE,FALSE,TRUE,TRUE,TRUE,FALSE,TRUE,TRUE,TRUE,FALSE,0,0,0,TRUE,FALSE,FALSE,FALSE,TRUE,TRUE,TRUE,FALSE,TRUE,TRUE,TRUE,FALSE,1
1,NA,NA,FALSE,FALSE,FALSE,TRUE,TRUE,TRUE,TRUE,FALSE,TRUE,TRUE,TRUE,FALSE,1,0,1,TRUE,TRUE,TRUE,FALSE,TRUE,NA,TRUE,TRUE,TRUE,TRUE,TRUE,TRUE,1
0,1,0,TRUE,FALSE,FALSE,FALSE,TRUE,TRUE,TRUE,TRUE,FALSE,FALSE,TRUE,FALSE,0,0,NA,TRUE,FALSE,TRUE,FALSE,FALSE,TRUE,TRUE,FALSE,FALSE,TRUE,TRUE,FALSE,1
1,0,0,TRUE,TRUE,TRUE,FALSE,TRUE,TRUE,TRUE,TRUE,TRUE,TRUE,TRUE,TRUE,1,0,NA,TRUE,FALSE,TRUE,FALSE,TRUE,TRUE,TRUE,TRUE,FALSE,TRUE,FALSE,TRUE,1
1,NA,0,FALSE,FALSE,FALSE,FALSE,FALSE,FALSE,FALSE,FALSE,FALSE,FALSE,FALSE,TRUE,NA,NA,NA,TRUE,FALSE,FALSE,FALSE,TRUE,TRUE,TRUE,TRUE,NA,NA,NA,NA,1
1,0,1,TRUE,FALSE,TRUE,TRUE,TRUE,TRUE,TRUE,TRUE,TRUE,TRUE,TRUE,TRUE,1,1,1,TRUE,TRUE,TRUE,TRUE,TRUE,TRUE,TRUE,TRUE,TRUE,TRUE,TRUE,TRUE,1
NA,NA,0,TRUE,FALSE,TRUE,FALSE,FALSE,TRUE,TRUE,FALSE,FALSE,FALSE,FALSE,FALSE,NA,1,0,TRUE,TRUE,TRUE,FALSE,TRUE,TRUE,TRUE,TRUE,TRUE,TRUE,TRUE,TRUE,1
0,1,1,TRUE,TRUE,FALSE,TRUE,FALSE,FALSE,TRUE,FALSE,FALSE,FALSE,TRUE,FALSE,0,1,1,FALSE,FALSE,TRUE,FALSE,TRUE,TRUE,FALSE,TRUE,TRUE,TRUE,FALSE,FALSE,1
NA,0,1,TRUE,TRUE,TRUE,FALSE,TRUE,TRUE,TRUE,FALSE,FALSE,NA,NA,NA,1,0,1,TRUE,NA,TRUE,FALSE,FALSE,FALSE,TRUE,FALSE,NA,TRUE,TRUE,TRUE,1
NA,1,1,TRUE,TRUE,TRUE,FALSE,TRUE,TRUE,TRUE,TRUE,TRUE,TRUE,TRUE,TRUE,1,1,1,FALSE,FALSE,TRUE,FALSE,TRUE,FALSE,TRUE,TRUE,TRUE,TRUE,TRUE,TRUE,1
1,NA,NA,TRUE,TRUE,FALSE,FALSE,TRUE,TRUE,TRUE,NA,TRUE,TRUE,TRUE,NA,1,1,1,FALSE,FALSE,FALSE,TRUE,TRUE,TRUE,TRUE,TRUE,TRUE,TRUE,TRUE,TRUE,1
1,1,0,FALSE,FALSE,FALSE,FALSE,TRUE,TRUE,FALSE,TRUE,FALSE,TRUE,FALSE,TRUE,1,NA,0,FALSE,FALSE,FALSE,FALSE,FALSE,TRUE,TRUE,TRUE,FALSE,TRUE,TRUE,TRUE,1
1,0,1,FALSE,FALSE,TRUE,FALSE,TRUE,TRUE,TRUE,FALSE,FALSE,TRUE,FALSE,FALSE,1,1,1,FALSE,FALSE,TRUE,FALSE,TRUE,TRUE,TRUE,TRUE,FALSE,TRUE,FALSE,TRUE,1
0,0,0,FALSE,FALSE,FALSE,FALSE,TRUE,TRUE,TRUE,TRUE,TRUE,TRUE,TRUE,TRUE,1,0,1,FALSE,FALSE,FALSE,NA,FALSE,TRUE,TRUE,NA,FALSE,TRUE,TRUE,NA,1
0,0,1,FALSE,FALSE,FALSE,NA,TRUE,TRUE,TRUE,NA,TRUE,TRUE,TRUE,NA,0,0,0,FALSE,FALSE,FALSE,NA,TRUE,TRUE,TRUE,NA,TRUE,TRUE,TRUE,NA,1
NA,1,0,TRUE,TRUE,TRUE,NA,TRUE,TRUE,TRUE,TRUE,NA,TRUE,NA,TRUE,NA,1,NA,TRUE,TRUE,TRUE,NA,TRUE,TRUE,TRUE,TRUE,TRUE,TRUE,NA,TRUE,1
1,1,1,TRUE,FALSE,TRUE,TRUE,TRUE,TRUE,TRUE,TRUE,FALSE,TRUE,NA,TRUE,0,1,1,FALSE,FALSE,TRUE,FALSE,TRUE,TRUE,TRUE,TRUE,FALSE,TRUE,FALSE,TRUE,1
1,1,NA,TRUE,TRUE,TRUE,TRUE,TRUE,TRUE,TRUE,FALSE,FALSE,FALSE,TRUE,NA,1,1,0,TRUE,TRUE,TRUE,TRUE,TRUE,TRUE,TRUE,TRUE,TRUE,TRUE,TRUE,TRUE,1
0,NA,1,TRUE,TRUE,TRUE,NA,TRUE,TRUE,TRUE,NA,TRUE,TRUE,NA,NA,0,1,NA,TRUE,TRUE,TRUE,NA,TRUE,TRUE,TRUE,TRUE,TRUE,TRUE,TRUE,TRUE,1
0,1,1,TRUE,TRUE,TRUE,FALSE,TRUE,TRUE,TRUE,NA,TRUE,FALSE,NA,NA,NA,1,NA,TRUE,TRUE,TRUE,FALSE,TRUE,TRUE,TRUE,NA,TRUE,TRUE,TRUE,NA,1
NA,NA,NA,TRUE,TRUE,TRUE,TRUE,TRUE,TRUE,TRUE,FALSE,TRUE,FALSE,TRUE,TRUE,1,1,0,TRUE,TRUE,TRUE,TRUE,TRUE,TRUE,TRUE,TRUE,TRUE,TRUE,TRUE,TRUE,1
1,1,NA,TRUE,TRUE,TRUE,NA,TRUE,TRUE,TRUE,NA,TRUE,TRUE,FALSE,NA,1,1,1,TRUE,TRUE,TRUE,TRUE,TRUE,TRUE,TRUE,TRUE,TRUE,TRUE,TRUE,TRUE,1
0,0,0,TRUE,TRUE,TRUE,FALSE,TRUE,TRUE,TRUE,TRUE,TRUE,TRUE,TRUE,TRUE,0,1,0,TRUE,TRUE,TRUE,FALSE,TRUE,FALSE,TRUE,TRUE,TRUE,FALSE,TRUE,TRUE,1
1,1,1,NA,FALSE,TRUE,FALSE,NA,TRUE,TRUE,TRUE,NA,TRUE,NA,TRUE,1,1,1,TRUE,FALSE,TRUE,FALSE,FALSE,FALSE,TRUE,TRUE,TRUE,TRUE,TRUE,TRUE,1
1,0,1,TRUE,FALSE,FALSE,FALSE,TRUE,TRUE,FALSE,FALSE,FALSE,TRUE,FALSE,FALSE,1,1,1,FALSE,FALSE,FALSE,FALSE,TRUE,TRUE,TRUE,TRUE,FALSE,TRUE,FALSE,TRUE,1
1,1,NA,FALSE,FALSE,TRUE,FALSE,TRUE,TRUE,TRUE,FALSE,NA,NA,NA,NA,1,NA,1,FALSE,TRUE,TRUE,FALSE,TRUE,TRUE,TRUE,FALSE,NA,TRUE,TRUE,NA,0
0,1,1,TRUE,TRUE,TRUE,TRUE,TRUE,TRUE,TRUE,TRUE,TRUE,TRUE,TRUE,TRUE,1,1,1,TRUE,TRUE,TRUE,FALSE,TRUE,TRUE,TRUE,TRUE,TRUE,TRUE,TRUE,TRUE,0
1,1,1,TRUE,FALSE,TRUE,TRUE,FALSE,FALSE,TRUE,FALSE,FALSE,TRUE,FALSE,FALSE,0,1,1,FALSE,NA,TRUE,NA,NA,NA,TRUE,TRUE,TRUE,NA,TRUE,TRUE,0
1,NA,0,NA,TRUE,TRUE,NA,TRUE,TRUE,FALSE,NA,TRUE,TRUE,NA,NA,NA,1,0,TRUE,TRUE,TRUE,TRUE,TRUE,TRUE,TRUE,TRUE,TRUE,TRUE,FALSE,FALSE,0
1,1,1,TRUE,TRUE,TRUE,TRUE,TRUE,FALSE,TRUE,TRUE,TRUE,TRUE,TRUE,TRUE,1,1,1,TRUE,TRUE,TRUE,TRUE,TRUE,FALSE,TRUE,TRUE,FALSE,TRUE,TRUE,TRUE,0
1,0,1,FALSE,FALSE,TRUE,TRUE,FALSE,TRUE,FALSE,FALSE,FALSE,TRUE,FALSE,FALSE,1,0,1,FALSE,TRUE,TRUE,FALSE,TRUE,FALSE,TRUE,FALSE,TRUE,TRUE,TRUE,TRUE,0
0,1,0,TRUE,FALSE,FALSE,FALSE,FALSE,TRUE,TRUE,TRUE,FALSE,TRUE,TRUE,TRUE,1,1,NA,TRUE,FALSE,FALSE,FALSE,TRUE,FALSE,TRUE,TRUE,TRUE,TRUE,TRUE,TRUE,0
1,0,1,TRUE,FALSE,TRUE,FALSE,TRUE,TRUE,TRUE,TRUE,FALSE,TRUE,TRUE,TRUE,0,1,NA,FALSE,TRUE,FALSE,FALSE,TRUE,TRUE,TRUE,FALSE,TRUE,TRUE,FALSE,FALSE,0
1,0,1,FALSE,FALSE,FALSE,FALSE,TRUE,TRUE,TRUE,FALSE,TRUE,TRUE,TRUE,FALSE,1,0,NA,NA,FALSE,FALSE,FALSE,TRUE,TRUE,TRUE,TRUE,TRUE,TRUE,TRUE,TRUE,0
1,NA,NA,TRUE,TRUE,TRUE,FALSE,TRUE,TRUE,TRUE,TRUE,TRUE,TRUE,TRUE,TRUE,1,1,1,TRUE,TRUE,TRUE,TRUE,TRUE,FALSE,TRUE,FALSE,TRUE,TRUE,TRUE,TRUE,0
1,0,1,FALSE,FALSE,TRUE,FALSE,TRUE,TRUE,TRUE,FALSE,TRUE,TRUE,TRUE,FALSE,0,1,0,TRUE,TRUE,TRUE,FALSE,TRUE,TRUE,TRUE,TRUE,TRUE,TRUE,TRUE,TRUE,0
0,1,0,TRUE,TRUE,TRUE,FALSE,TRUE,TRUE,TRUE,TRUE,TRUE,TRUE,TRUE,TRUE,0,0,0,TRUE,TRUE,TRUE,TRUE,TRUE,TRUE,TRUE,TRUE,TRUE,TRUE,TRUE,TRUE,0
0,0,0,FALSE,FALSE,TRUE,FALSE,TRUE,TRUE,TRUE,FALSE,FALSE,FALSE,FALSE,FALSE,1,1,NA,TRUE,TRUE,TRUE,TRUE,TRUE,FALSE,TRUE,TRUE,TRUE,FALSE,TRUE,FALSE,0
0,0,1,TRUE,FALSE,FALSE,TRUE,TRUE,FALSE,TRUE,TRUE,TRUE,FALSE,TRUE,TRUE,0,1,1,TRUE,FALSE,TRUE,FALSE,TRUE,TRUE,TRUE,TRUE,TRUE,TRUE,TRUE,TRUE,0
NA,1,NA,TRUE,FALSE,TRUE,NA,TRUE,TRUE,TRUE,NA,NA,NA,NA,NA,1,NA,NA,FALSE,FALSE,NA,NA,NA,TRUE,NA,NA,NA,TRUE,NA,NA,0
1,0,1,TRUE,TRUE,TRUE,FALSE,TRUE,TRUE,TRUE,FALSE,NA,NA,NA,NA,1,0,0,TRUE,TRUE,TRUE,FALSE,TRUE,TRUE,TRUE,FALSE,FALSE,TRUE,TRUE,TRUE,0
NA,NA,NA,TRUE,FALSE,FALSE,TRUE,FALSE,TRUE,TRUE,FALSE,FALSE,TRUE,TRUE,FALSE,0,1,1,NA,NA,FALSE,FALSE,NA,NA,TRUE,TRUE,NA,TRUE,TRUE,TRUE,0
1,NA,0,TRUE,FALSE,FALSE,FALSE,TRUE,TRUE,TRUE,TRUE,TRUE,TRUE,TRUE,TRUE,1,0,1,TRUE,FALSE,FALSE,NA,TRUE,TRUE,FALSE,NA,TRUE,FALSE,TRUE,NA,0
1,0,NA,FALSE,TRUE,TRUE,FALSE,TRUE,TRUE,TRUE,TRUE,FALSE,TRUE,NA,TRUE,1,1,1,TRUE,TRUE,TRUE,FALSE,TRUE,TRUE,TRUE,TRUE,TRUE,TRUE,TRUE,TRUE,0
0,0,0,TRUE,TRUE,TRUE,FALSE,FALSE,FALSE,TRUE,TRUE,FALSE,FALSE,FALSE,TRUE,0,1,0,FALSE,TRUE,TRUE,FALSE,TRUE,TRUE,TRUE,TRUE,TRUE,TRUE,TRUE,TRUE,0
NA,1,NA,TRUE,TRUE,TRUE,FALSE,TRUE,TRUE,TRUE,TRUE,NA,NA,NA,NA,1,1,1,FALSE,TRUE,TRUE,TRUE,TRUE,TRUE,TRUE,TRUE,TRUE,TRUE,TRUE,TRUE,0
NA,NA,NA,FALSE,FALSE,FALSE,TRUE,TRUE,TRUE,TRUE,FALSE,TRUE,TRUE,TRUE,FALSE,1,0,NA,NA,FALSE,FALSE,NA,NA,FALSE,TRUE,NA,NA,FALSE,TRUE,NA,0
NA,NA,0,FALSE,FALSE,FALSE,FALSE,TRUE,TRUE,TRUE,TRUE,FALSE,TRUE,TRUE,FALSE,NA,0,NA,TRUE,FALSE,FALSE,NA,TRUE,TRUE,TRUE,NA,FALSE,TRUE,FALSE,TRUE,0
1,1,1,TRUE,FALSE,FALSE,TRUE,FALSE,TRUE,TRUE,FALSE,FALSE,TRUE,TRUE,FALSE,NA,1,1,TRUE,FALSE,TRUE,FALSE,TRUE,TRUE,TRUE,TRUE,TRUE,TRUE,TRUE,TRUE,0
1,1,1,TRUE,FALSE,TRUE,TRUE,TRUE,TRUE,TRUE,TRUE,TRUE,TRUE,TRUE,TRUE,0,1,1,FALSE,FALSE,FALSE,FALSE,TRUE,TRUE,TRUE,TRUE,TRUE,TRUE,TRUE,TRUE,0
1,1,1,FALSE,FALSE,TRUE,FALSE,TRUE,TRUE,TRUE,TRUE,TRUE,TRUE,TRUE,TRUE,1,1,1,TRUE,FALSE,TRUE,FALSE,TRUE,FALSE,TRUE,TRUE,TRUE,TRUE,TRUE,TRUE,0
0,0,1,TRUE,TRUE,TRUE,FALSE,TRUE,TRUE,TRUE,FALSE,FALSE,FALSE,TRUE,TRUE,0,1,NA,FALSE,TRUE,TRUE,FALSE,TRUE,FALSE,TRUE,TRUE,TRUE,TRUE,TRUE,FALSE,0
1,0,1,FALSE,FALSE,FALSE,FALSE,FALSE,TRUE,TRUE,TRUE,FALSE,TRUE,TRUE,TRUE,1,0,1,TRUE,TRUE,TRUE,FALSE,TRUE,TRUE,TRUE,TRUE,FALSE,TRUE,TRUE,TRUE,0
1,1,0,FALSE,FALSE,TRUE,FALSE,TRUE,TRUE,TRUE,FALSE,TRUE,TRUE,TRUE,TRUE,0,NA,NA,NA,NA,TRUE,NA,NA,FALSE,FALSE,FALSE,NA,FALSE,FALSE,NA,0
1,1,0,TRUE,FALSE,TRUE,TRUE,FALSE,TRUE,TRUE,TRUE,FALSE,TRUE,TRUE,TRUE,1,1,NA,FALSE,TRUE,TRUE,FALSE,TRUE,NA,TRUE,FALSE,FALSE,TRUE,TRUE,TRUE,0
0,1,1,FALSE,FALSE,TRUE,TRUE,TRUE,TRUE,TRUE,TRUE,TRUE,TRUE,TRUE,TRUE,1,1,1,FALSE,FALSE,TRUE,TRUE,TRUE,TRUE,TRUE,TRUE,TRUE,TRUE,TRUE,TRUE,0
1,0,0,TRUE,TRUE,TRUE,FALSE,TRUE,TRUE,TRUE,TRUE,NA,NA,TRUE,NA,1,NA,1,FALSE,FALSE,FALSE,FALSE,TRUE,TRUE,TRUE,TRUE,TRUE,TRUE,TRUE,TRUE,0
1,0,0,TRUE,TRUE,TRUE,TRUE,TRUE,FALSE,TRUE,FALSE,FALSE,FALSE,TRUE,FALSE,1,1,1,TRUE,FALSE,FALSE,FALSE,FALSE,TRUE,TRUE,FALSE,FALSE,TRUE,TRUE,FALSE,0
1,NA,NA,NA,NA,TRUE,FALSE,TRUE,TRUE,TRUE,TRUE,TRUE,TRUE,FALSE,TRUE,0,NA,0,FALSE,FALSE,FALSE,FALSE,TRUE,TRUE,TRUE,TRUE,NA,NA,TRUE,TRUE,0
1,0,1,FALSE,FALSE,FALSE,FALSE,TRUE,TRUE,TRUE,TRUE,TRUE,TRUE,TRUE,TRUE,1,0,0,FALSE,FALSE,FALSE,FALSE,TRUE,TRUE,TRUE,TRUE,TRUE,TRUE,TRUE,TRUE,0
0,1,1,TRUE,TRUE,TRUE,FALSE,TRUE,TRUE,TRUE,TRUE,FALSE,TRUE,TRUE,TRUE,1,1,1,FALSE,TRUE,TRUE,TRUE,TRUE,FALSE,TRUE,TRUE,TRUE,TRUE,TRUE,TRUE,0
1,0,0,FALSE,FALSE,FALSE,FALSE,TRUE,TRUE,TRUE,FALSE,NA,TRUE,NA,FALSE,1,1,1,TRUE,FALSE,TRUE,FALSE,TRUE,NA,TRUE,TRUE,TRUE,NA,TRUE,TRUE,0
1,0,1,TRUE,TRUE,TRUE,FALSE,TRUE,TRUE,TRUE,TRUE,TRUE,TRUE,FALSE,TRUE,1,1,1,TRUE,TRUE,TRUE,FALSE,TRUE,FALSE,TRUE,TRUE,TRUE,TRUE,TRUE,TRUE,0
1,0,1,FALSE,FALSE,FALSE,FALSE,TRUE,TRUE,FALSE,TRUE,TRUE,TRUE,FALSE,TRUE,1,1,1,FALSE,FALSE,FALSE,FALSE,FALSE,TRUE,FALSE,TRUE,FALSE,TRUE,FALSE,TRUE,0
1,1,1,TRUE,FALSE,TRUE,FALSE,TRUE,TRUE,TRUE,FALSE,TRUE,TRUE,TRUE,TRUE,1,1,1,FALSE,TRUE,TRUE,FALSE,FALSE,TRUE,TRUE,FALSE,FALSE,TRUE,FALSE,TRUE,0
1,1,1,FALSE,FALSE,FALSE,TRUE,TRUE,TRUE,TRUE,FALSE,TRUE,TRUE,TRUE,FALSE,1,0,1,TRUE,FALSE,NA,FALSE,TRUE,FALSE,NA,TRUE,TRUE,TRUE,NA,TRUE,0
1,1,1,TRUE,FALSE,TRUE,TRUE,FALSE,FALSE,FALSE,FALSE,FALSE,FALSE,FALSE,FALSE,1,1,1,FALSE,FALSE,TRUE,TRUE,NA,TRUE,TRUE,TRUE,NA,TRUE,TRUE,TRUE,0
0,NA,1,TRUE,FALSE,TRUE,FALSE,TRUE,TRUE,FALSE,FALSE,NA,NA,NA,NA,1,1,0,TRUE,FALSE,TRUE,FALSE,TRUE,TRUE,TRUE,TRUE,TRUE,FALSE,FALSE,FALSE,0
0,0,0,TRUE,TRUE,TRUE,TRUE,TRUE,TRUE,TRUE,TRUE,TRUE,TRUE,TRUE,TRUE,1,0,1,FALSE,FALSE,FALSE,FALSE,TRUE,TRUE,TRUE,TRUE,TRUE,TRUE,TRUE,TRUE,0
0,1,0,FALSE,FALSE,FALSE,FALSE,TRUE,FALSE,TRUE,FALSE,TRUE,FALSE,TRUE,FALSE,1,1,1,TRUE,TRUE,TRUE,FALSE,TRUE,TRUE,TRUE,TRUE,TRUE,TRUE,TRUE,TRUE,0
0,0,0,TRUE,TRUE,TRUE,TRUE,TRUE,TRUE,TRUE,TRUE,TRUE,TRUE,TRUE,FALSE,0,1,1,TRUE,TRUE,TRUE,TRUE,TRUE,TRUE,TRUE,TRUE,TRUE,TRUE,TRUE,TRUE,0
0,0,0,FALSE,FALSE,FALSE,FALSE,TRUE,TRUE,TRUE,TRUE,TRUE,TRUE,TRUE,TRUE,1,0,NA,FALSE,FALSE,FALSE,FALSE,TRUE,TRUE,TRUE,TRUE,TRUE,TRUE,TRUE,TRUE,0
0,0,NA,FALSE,FALSE,FALSE,FALSE,FALSE,TRUE,TRUE,TRUE,NA,TRUE,TRUE,TRUE,0,1,1,FALSE,FALSE,FALSE,FALSE,TRUE,TRUE,TRUE,TRUE,TRUE,TRUE,TRUE,TRUE,0
1,1,1,TRUE,FALSE,TRUE,TRUE,TRUE,TRUE,TRUE,TRUE,TRUE,TRUE,TRUE,TRUE,1,1,1,TRUE,TRUE,TRUE,TRUE,TRUE,FALSE,TRUE,TRUE,TRUE,TRUE,TRUE,TRUE,0
1,1,1,TRUE,TRUE,TRUE,TRUE,FALSE,TRUE,TRUE,TRUE,TRUE,TRUE,TRUE,TRUE,1,1,1,FALSE,FALSE,TRUE,TRUE,TRUE,TRUE,TRUE,TRUE,TRUE,TRUE,TRUE,TRUE,0
1,0,1,FALSE,FALSE,TRUE,FALSE,TRUE,TRUE,TRUE,TRUE,FALSE,FALSE,TRUE,FALSE,0,1,1,TRUE,FALSE,FALSE,TRUE,TRUE,TRUE,TRUE,TRUE,TRUE,TRUE,TRUE,TRUE,0
1,1,1,FALSE,FALSE,TRUE,FALSE,TRUE,TRUE,TRUE,TRUE,TRUE,FALSE,FALSE,TRUE,1,1,1,TRUE,TRUE,TRUE,FALSE,TRUE,TRUE,TRUE,FALSE,TRUE,TRUE,TRUE,TRUE,0
1,1,1,TRUE,TRUE,TRUE,TRUE,TRUE,TRUE,TRUE,FALSE,TRUE,TRUE,TRUE,TRUE,1,1,NA,TRUE,TRUE,TRUE,FALSE,TRUE,TRUE,TRUE,TRUE,TRUE,TRUE,TRUE,TRUE,0
1,NA,1,TRUE,FALSE,TRUE,TRUE,FALSE,FALSE,FALSE,FALSE,FALSE,FALSE,FALSE,FALSE,1,1,1,FALSE,FALSE,FALSE,TRUE,FALSE,TRUE,FALSE,FALSE,FALSE,TRUE,FALSE,FALSE,0
1,0,0,TRUE,FALSE,TRUE,FALSE,TRUE,FALSE,TRUE,FALSE,NA,NA,NA,NA,1,0,1,TRUE,FALSE,TRUE,FALSE,TRUE,FALSE,TRUE,FALSE,FALSE,TRUE,TRUE,TRUE,0
1,0,1,TRUE,TRUE,TRUE,TRUE,TRUE,FALSE,TRUE,TRUE,TRUE,TRUE,TRUE,TRUE,1,1,1,FALSE,FALSE,TRUE,TRUE,TRUE,TRUE,TRUE,TRUE,TRUE,TRUE,TRUE,TRUE,0
1,1,1,FALSE,FALSE,FALSE,FALSE,FALSE,TRUE,TRUE,TRUE,FALSE,TRUE,TRUE,TRUE,0,0,NA,FALSE,FALSE,FALSE,FALSE,TRUE,FALSE,TRUE,TRUE,TRUE,FALSE,TRUE,TRUE,0
1,1,1,TRUE,TRUE,TRUE,TRUE,TRUE,TRUE,TRUE,TRUE,FALSE,TRUE,TRUE,TRUE,1,1,1,TRUE,TRUE,TRUE,TRUE,TRUE,TRUE,TRUE,TRUE,TRUE,TRUE,TRUE,TRUE,0
1,0,NA,TRUE,TRUE,TRUE,FALSE,TRUE,TRUE,TRUE,TRUE,NA,NA,NA,TRUE,1,1,1,TRUE,TRUE,TRUE,FALSE,TRUE,FALSE,TRUE,TRUE,TRUE,TRUE,TRUE,TRUE,0
1,0,0,TRUE,TRUE,TRUE,TRUE,TRUE,TRUE,FALSE,TRUE,TRUE,TRUE,FALSE,FALSE,1,1,1,FALSE,TRUE,TRUE,TRUE,TRUE,TRUE,TRUE,TRUE,FALSE,TRUE,TRUE,TRUE,0
1,1,0,FALSE,FALSE,TRUE,FALSE,TRUE,TRUE,TRUE,TRUE,TRUE,TRUE,TRUE,TRUE,1,1,1,FALSE,FALSE,FALSE,FALSE,FALSE,TRUE,TRUE,TRUE,FALSE,TRUE,TRUE,TRUE,0
0,1,1,TRUE,FALSE,TRUE,FALSE,TRUE,TRUE,TRUE,FALSE,FALSE,FALSE,TRUE,TRUE,NA,1,1,TRUE,TRUE,TRUE,FALSE,TRUE,TRUE,FALSE,FALSE,TRUE,TRUE,FALSE,FALSE,0
1,1,1,TRUE,TRUE,TRUE,FALSE,TRUE,TRUE,TRUE,TRUE,FALSE,TRUE,TRUE,TRUE,1,1,1,TRUE,FALSE,TRUE,FALSE,TRUE,TRUE,TRUE,TRUE,TRUE,TRUE,TRUE,TRUE,0
1,NA,NA,TRUE,FALSE,FALSE,FALSE,TRUE,TRUE,TRUE,TRUE,FALSE,TRUE,TRUE,TRUE,1,1,1,FALSE,FALSE,FALSE,NA,TRUE,TRUE,FALSE,NA,TRUE,TRUE,FALSE,NA,0
NA,0,NA,FALSE,FALSE,FALSE,FALSE,TRUE,TRUE,FALSE,TRUE,TRUE,TRUE,FALSE,TRUE,1,0,1,FALSE,FALSE,FALSE,FALSE,TRUE,FALSE,TRUE,TRUE,TRUE,TRUE,TRUE,TRUE,0
NA,1,0,FALSE,NA,NA,FALSE,FALSE,NA,NA,TRUE,NA,NA,NA,NA,NA,0,1,NA,NA,NA,NA,NA,NA,NA,NA,TRUE,TRUE,NA,NA,0
1,1,1,FALSE,FALSE,FALSE,FALSE,TRUE,TRUE,TRUE,TRUE,TRUE,TRUE,TRUE,TRUE,1,1,1,TRUE,FALSE,FALSE,FALSE,TRUE,TRUE,TRUE,TRUE,FALSE,TRUE,TRUE,TRUE,0
1,1,1,TRUE,TRUE,TRUE,TRUE,TRUE,TRUE,TRUE,TRUE,TRUE,TRUE,TRUE,TRUE,1,1,1,TRUE,TRUE,TRUE,TRUE,TRUE,FALSE,TRUE,TRUE,FALSE,TRUE,TRUE,TRUE,0
1,0,1,TRUE,FALSE,TRUE,FALSE,TRUE,TRUE,TRUE,TRUE,FALSE,TRUE,TRUE,TRUE,1,1,1,FALSE,FALSE,TRUE,FALSE,TRUE,TRUE,TRUE,TRUE,TRUE,TRUE,TRUE,TRUE,0
0,NA,1,TRUE,FALSE,TRUE,FALSE,TRUE,FALSE,TRUE,FALSE,TRUE,TRUE,TRUE,FALSE,1,1,1,FALSE,TRUE,TRUE,FALSE,FALSE,TRUE,TRUE,TRUE,FALSE,TRUE,TRUE,TRUE,0
0,0,0,FALSE,TRUE,FALSE,FALSE,FALSE,FALSE,TRUE,TRUE,TRUE,FALSE,TRUE,FALSE,1,0,1,FALSE,FALSE,TRUE,FALSE,TRUE,TRUE,TRUE,TRUE,TRUE,TRUE,FALSE,TRUE,0
1,0,1,FALSE,FALSE,FALSE,FALSE,TRUE,FALSE,TRUE,TRUE,TRUE,FALSE,TRUE,TRUE,1,1,1,FALSE,FALSE,FALSE,FALSE,NA,NA,NA,NA,NA,NA,NA,NA,0
0,NA,1,TRUE,FALSE,NA,FALSE,FALSE,TRUE,NA,TRUE,FALSE,TRUE,NA,TRUE,NA,NA,NA,FALSE,FALSE,FALSE,FALSE,TRUE,TRUE,TRUE,FALSE,TRUE,TRUE,TRUE,FALSE,0
0,1,0,FALSE,FALSE,FALSE,FALSE,FALSE,TRUE,TRUE,TRUE,FALSE,TRUE,FALSE,TRUE,1,0,1,FALSE,FALSE,FALSE,FALSE,TRUE,TRUE,TRUE,FALSE,TRUE,TRUE,TRUE,FALSE,0
1,0,1,NA,FALSE,TRUE,FALSE,NA,TRUE,TRUE,TRUE,NA,NA,FALSE,TRUE,1,1,1,FALSE,FALSE,FALSE,FALSE,TRUE,FALSE,TRUE,TRUE,NA,TRUE,TRUE,TRUE,0
1,1,1,FALSE,FALSE,TRUE,FALSE,TRUE,TRUE,TRUE,TRUE,TRUE,TRUE,FALSE,TRUE,1,1,1,FALSE,FALSE,FALSE,FALSE,TRUE,TRUE,TRUE,TRUE,TRUE,TRUE,FALSE,TRUE,0
1,0,NA,TRUE,TRUE,TRUE,FALSE,TRUE,TRUE,TRUE,TRUE,TRUE,TRUE,FALSE,FALSE,1,1,0,TRUE,TRUE,TRUE,TRUE,TRUE,TRUE,TRUE,TRUE,TRUE,TRUE,TRUE,TRUE,0
1,1,0,TRUE,TRUE,TRUE,FALSE,TRUE,TRUE,TRUE,TRUE,TRUE,TRUE,TRUE,FALSE,0,NA,0,FALSE,FALSE,FALSE,TRUE,TRUE,TRUE,TRUE,FALSE,FALSE,TRUE,TRUE,FALSE,0
0,0,0,TRUE,FALSE,TRUE,FALSE,TRUE,TRUE,TRUE,FALSE,FALSE,NA,NA,NA,0,1,1,TRUE,FALSE,TRUE,FALSE,TRUE,TRUE,TRUE,FALSE,TRUE,FALSE,TRUE,FALSE,0
1,NA,0,TRUE,FALSE,TRUE,TRUE,TRUE,FALSE,TRUE,TRUE,FALSE,FALSE,TRUE,FALSE,NA,NA,0,TRUE,FALSE,TRUE,TRUE,FALSE,TRUE,FALSE,FALSE,TRUE,TRUE,TRUE,TRUE,0
0,0,0,TRUE,TRUE,FALSE,FALSE,FALSE,TRUE,FALSE,FALSE,FALSE,TRUE,FALSE,FALSE,1,0,1,FALSE,FALSE,FALSE,FALSE,TRUE,TRUE,TRUE,FALSE,TRUE,TRUE,TRUE,TRUE,0
1,0,1,FALSE,FALSE,FALSE,FALSE,TRUE,TRUE,TRUE,FALSE,TRUE,TRUE,TRUE,FALSE,1,1,1,TRUE,FALSE,FALSE,FALSE,TRUE,TRUE,TRUE,FALSE,TRUE,TRUE,TRUE,TRUE,0
1,0,1,TRUE,FALSE,FALSE,NA,FALSE,TRUE,TRUE,NA,NA,NA,NA,NA,1,1,NA,FALSE,FALSE,TRUE,TRUE,TRUE,TRUE,TRUE,NA,TRUE,TRUE,TRUE,TRUE,0
1,0,1,TRUE,TRUE,TRUE,FALSE,TRUE,TRUE,TRUE,TRUE,NA,NA,NA,TRUE,0,1,1,TRUE,FALSE,TRUE,FALSE,TRUE,TRUE,TRUE,TRUE,NA,NA,TRUE,TRUE,0
1,1,1,TRUE,TRUE,TRUE,FALSE,TRUE,TRUE,TRUE,TRUE,TRUE,TRUE,FALSE,TRUE,1,1,1,TRUE,FALSE,TRUE,FALSE,TRUE,TRUE,TRUE,TRUE,TRUE,TRUE,TRUE,TRUE,0
1,1,1,FALSE,FALSE,FALSE,FALSE,TRUE,TRUE,TRUE,TRUE,TRUE,TRUE,TRUE,TRUE,1,1,1,FALSE,FALSE,FALSE,FALSE,FALSE,TRUE,FALSE,TRUE,FALSE,TRUE,FALSE,TRUE,0
0,0,1,FALSE,FALSE,FALSE,FALSE,TRUE,TRUE,TRUE,TRUE,TRUE,TRUE,TRUE,TRUE,1,0,1,FALSE,TRUE,FALSE,FALSE,TRUE,TRUE,TRUE,TRUE,TRUE,TRUE,TRUE,TRUE,0
1,0,0,TRUE,FALSE,FALSE,TRUE,TRUE,FALSE,TRUE,FALSE,TRUE,FALSE,FALSE,FALSE,1,0,0,TRUE,TRUE,TRUE,FALSE,TRUE,TRUE,TRUE,TRUE,TRUE,TRUE,TRUE,TRUE,0
NA,1,0,FALSE,FALSE,TRUE,NA,TRUE,TRUE,TRUE,NA,FALSE,TRUE,TRUE,NA,0,1,0,NA,FALSE,TRUE,NA,NA,FALSE,TRUE,NA,NA,TRUE,TRUE,TRUE,0
1,0,1,FALSE,FALSE,FALSE,FALSE,TRUE,TRUE,TRUE,NA,TRUE,NA,NA,NA,1,NA,NA,FALSE,FALSE,FALSE,TRUE,TRUE,FALSE,FALSE,FALSE,TRUE,FALSE,TRUE,FALSE,0
NA,1,1,TRUE,TRUE,TRUE,TRUE,FALSE,FALSE,TRUE,TRUE,FALSE,FALSE,NA,TRUE,NA,1,1,TRUE,TRUE,TRUE,FALSE,TRUE,FALSE,TRUE,TRUE,TRUE,TRUE,TRUE,TRUE,0
0,1,0,TRUE,TRUE,TRUE,FALSE,TRUE,TRUE,TRUE,FALSE,FALSE,TRUE,TRUE,FALSE,1,0,1,TRUE,TRUE,TRUE,FALSE,TRUE,TRUE,TRUE,TRUE,TRUE,TRUE,TRUE,TRUE,0
0,1,1,TRUE,FALSE,TRUE,FALSE,FALSE,FALSE,TRUE,TRUE,TRUE,FALSE,TRUE,TRUE,1,1,NA,FALSE,TRUE,TRUE,TRUE,TRUE,TRUE,TRUE,FALSE,TRUE,TRUE,FALSE,TRUE,0
1,NA,1,FALSE,FALSE,TRUE,FALSE,TRUE,TRUE,TRUE,NA,FALSE,TRUE,FALSE,NA,1,1,1,TRUE,FALSE,TRUE,FALSE,FALSE,TRUE,TRUE,TRUE,TRUE,TRUE,TRUE,TRUE,0
NA,0,0,FALSE,FALSE,TRUE,NA,TRUE,FALSE,TRUE,TRUE,TRUE,TRUE,FALSE,TRUE,1,1,1,TRUE,TRUE,TRUE,FALSE,TRUE,TRUE,TRUE,TRUE,TRUE,TRUE,TRUE,TRUE,0
1,0,0,TRUE,TRUE,TRUE,FALSE,TRUE,TRUE,TRUE,FALSE,TRUE,TRUE,TRUE,TRUE,1,1,1,TRUE,TRUE,TRUE,FALSE,TRUE,TRUE,TRUE,FALSE,TRUE,TRUE,TRUE,TRUE,0
NA,0,1,TRUE,TRUE,TRUE,FALSE,TRUE,TRUE,TRUE,TRUE,TRUE,TRUE,TRUE,NA,1,1,1,TRUE,TRUE,TRUE,TRUE,TRUE,TRUE,TRUE,TRUE,TRUE,TRUE,TRUE,TRUE,0
0,0,0,FALSE,FALSE,FALSE,NA,TRUE,TRUE,TRUE,FALSE,TRUE,TRUE,TRUE,TRUE,1,1,1,TRUE,TRUE,TRUE,FALSE,TRUE,TRUE,TRUE,TRUE,TRUE,TRUE,TRUE,TRUE,0
0,0,0,FALSE,NA,FALSE,FALSE,TRUE,TRUE,TRUE,FALSE,FALSE,TRUE,TRUE,FALSE,0,1,0,TRUE,FALSE,FALSE,FALSE,FALSE,FALSE,TRUE,TRUE,TRUE,FALSE,TRUE,TRUE,0
1,1,1,TRUE,TRUE,TRUE,FALSE,TRUE,TRUE,TRUE,TRUE,FALSE,TRUE,NA,NA,1,1,1,TRUE,FALSE,TRUE,FALSE,TRUE,TRUE,TRUE,TRUE,TRUE,TRUE,TRUE,TRUE,0
1,0,0,FALSE,FALSE,FALSE,FALSE,TRUE,TRUE,TRUE,FALSE,NA,NA,NA,NA,1,0,0,FALSE,FALSE,FALSE,NA,TRUE,TRUE,TRUE,TRUE,TRUE,TRUE,TRUE,TRUE,0
0,1,1,FALSE,FALSE,TRUE,FALSE,TRUE,TRUE,TRUE,TRUE,TRUE,TRUE,TRUE,FALSE,0,1,1,NA,NA,TRUE,TRUE,TRUE,TRUE,TRUE,TRUE,NA,NA,TRUE,TRUE,0
0,0,0,NA,NA,FALSE,TRUE,NA,NA,TRUE,FALSE,NA,NA,TRUE,FALSE,1,1,NA,NA,TRUE,FALSE,FALSE,NA,TRUE,FALSE,FALSE,NA,TRUE,FALSE,FALSE,0
1,1,1,FALSE,FALSE,FALSE,FALSE,TRUE,TRUE,TRUE,FALSE,TRUE,TRUE,FALSE,TRUE,1,NA,1,FALSE,TRUE,TRUE,FALSE,FALSE,FALSE,FALSE,TRUE,TRUE,TRUE,TRUE,TRUE,0
0,0,1,TRUE,FALSE,FALSE,TRUE,FALSE,TRUE,TRUE,FALSE,FALSE,FALSE,TRUE,FALSE,0,1,1,TRUE,FALSE,TRUE,FALSE,TRUE,FALSE,TRUE,TRUE,TRUE,TRUE,TRUE,TRUE,0
NA,0,NA,NA,NA,NA,NA,NA,NA,NA,NA,NA,NA,NA,NA,0,0,1,TRUE,FALSE,TRUE,TRUE,NA,TRUE,TRUE,FALSE,NA,TRUE,TRUE,FALSE,0
0,0,0,FALSE,FALSE,FALSE,NA,TRUE,TRUE,TRUE,FALSE,FALSE,FALSE,TRUE,FALSE,0,0,NA,FALSE,FALSE,FALSE,TRUE,TRUE,TRUE,TRUE,FALSE,FALSE,TRUE,TRUE,FALSE,0
0,1,1,TRUE,FALSE,FALSE,TRUE,FALSE,FALSE,TRUE,FALSE,NA,NA,NA,FALSE,0,1,NA,TRUE,FALSE,TRUE,TRUE,FALSE,FALSE,FALSE,FALSE,FALSE,FALSE,FALSE,FALSE,0
1,0,1,FALSE,FALSE,TRUE,TRUE,TRUE,FALSE,TRUE,TRUE,TRUE,FALSE,TRUE,TRUE,1,0,1,TRUE,FALSE,FALSE,TRUE,TRUE,TRUE,TRUE,TRUE,TRUE,TRUE,TRUE,TRUE,0
0,0,NA,TRUE,TRUE,FALSE,FALSE,FALSE,FALSE,TRUE,TRUE,FALSE,FALSE,TRUE,TRUE,0,1,1,TRUE,TRUE,TRUE,FALSE,TRUE,TRUE,TRUE,TRUE,TRUE,TRUE,TRUE,TRUE,0
1,0,1,FALSE,FALSE,TRUE,FALSE,FALSE,TRUE,TRUE,TRUE,FALSE,TRUE,FALSE,TRUE,1,1,1,TRUE,FALSE,TRUE,FALSE,TRUE,TRUE,FALSE,TRUE,TRUE,TRUE,FALSE,TRUE,0
1,1,1,TRUE,FALSE,TRUE,FALSE,TRUE,TRUE,TRUE,TRUE,FALSE,TRUE,TRUE,TRUE,1,0,1,TRUE,FALSE,TRUE,FALSE,TRUE,TRUE,TRUE,TRUE,FALSE,TRUE,TRUE,TRUE,0
1,0,0,TRUE,FALSE,FALSE,FALSE,TRUE,TRUE,FALSE,FALSE,NA,NA,NA,NA,1,1,1,TRUE,FALSE,TRUE,TRUE,TRUE,TRUE,TRUE,TRUE,TRUE,TRUE,TRUE,TRUE,0
1,0,1,TRUE,FALSE,FALSE,FALSE,TRUE,TRUE,TRUE,TRUE,TRUE,TRUE,TRUE,TRUE,1,1,1,TRUE,FALSE,TRUE,FALSE,FALSE,TRUE,TRUE,TRUE,TRUE,TRUE,TRUE,TRUE,0
0,1,0,TRUE,TRUE,TRUE,TRUE,TRUE,FALSE,TRUE,FALSE,TRUE,TRUE,TRUE,TRUE,1,1,1,TRUE,FALSE,TRUE,FALSE,TRUE,TRUE,TRUE,TRUE,TRUE,TRUE,TRUE,TRUE,0
0,1,1,TRUE,FALSE,TRUE,TRUE,TRUE,TRUE,TRUE,TRUE,FALSE,FALSE,FALSE,TRUE,1,1,1,TRUE,FALSE,TRUE,FALSE,TRUE,TRUE,TRUE,TRUE,FALSE,TRUE,TRUE,TRUE,0
1,1,1,TRUE,TRUE,TRUE,TRUE,TRUE,FALSE,TRUE,FALSE,TRUE,TRUE,FALSE,FALSE,1,1,1,TRUE,TRUE,TRUE,NA,TRUE,TRUE,TRUE,NA,TRUE,TRUE,TRUE,TRUE,0
1,0,0,FALSE,TRUE,TRUE,TRUE,TRUE,TRUE,TRUE,TRUE,TRUE,TRUE,TRUE,TRUE,1,1,1,TRUE,TRUE,TRUE,TRUE,TRUE,TRUE,TRUE,TRUE,TRUE,TRUE,TRUE,TRUE,0
1,1,1,TRUE,FALSE,FALSE,FALSE,TRUE,TRUE,TRUE,TRUE,FALSE,TRUE,TRUE,TRUE,1,1,0,TRUE,TRUE,FALSE,FALSE,TRUE,TRUE,TRUE,TRUE,FALSE,TRUE,TRUE,TRUE,0
1,1,NA,TRUE,TRUE,TRUE,TRUE,TRUE,TRUE,TRUE,TRUE,TRUE,TRUE,FALSE,FALSE,1,1,1,FALSE,TRUE,TRUE,FALSE,TRUE,TRUE,TRUE,TRUE,TRUE,TRUE,TRUE,TRUE,0
1,1,1,FALSE,TRUE,TRUE,TRUE,TRUE,TRUE,TRUE,FALSE,TRUE,TRUE,NA,TRUE,1,1,1,TRUE,TRUE,TRUE,TRUE,TRUE,FALSE,TRUE,TRUE,TRUE,TRUE,TRUE,TRUE,0
1,0,0,TRUE,TRUE,TRUE,TRUE,TRUE,TRUE,TRUE,TRUE,TRUE,TRUE,TRUE,TRUE,1,1,1,TRUE,TRUE,TRUE,TRUE,TRUE,TRUE,TRUE,TRUE,TRUE,TRUE,TRUE,TRUE,0
0,1,1,TRUE,FALSE,FALSE,FALSE,FALSE,TRUE,TRUE,TRUE,FALSE,TRUE,TRUE,TRUE,0,1,1,FALSE,FALSE,FALSE,FALSE,TRUE,TRUE,TRUE,TRUE,TRUE,TRUE,TRUE,TRUE,0
0,1,1,FALSE,FALSE,TRUE,TRUE,TRUE,TRUE,TRUE,TRUE,TRUE,TRUE,TRUE,TRUE,0,1,0,FALSE,FALSE,FALSE,TRUE,TRUE,TRUE,TRUE,FALSE,TRUE,TRUE,TRUE,FALSE,0
1,1,NA,TRUE,FALSE,TRUE,FALSE,TRUE,TRUE,TRUE,TRUE,TRUE,TRUE,TRUE,TRUE,1,1,1,TRUE,FALSE,TRUE,FALSE,TRUE,TRUE,TRUE,TRUE,TRUE,TRUE,TRUE,TRUE,0
1,1,1,TRUE,FALSE,TRUE,FALSE,TRUE,TRUE,TRUE,TRUE,FALSE,TRUE,TRUE,TRUE,1,1,1,TRUE,TRUE,TRUE,TRUE,TRUE,TRUE,TRUE,FALSE,TRUE,TRUE,TRUE,TRUE,0
1,1,1,TRUE,FALSE,FALSE,TRUE,TRUE,TRUE,TRUE,TRUE,TRUE,TRUE,TRUE,TRUE,1,1,1,TRUE,FALSE,TRUE,FALSE,TRUE,FALSE,TRUE,TRUE,TRUE,TRUE,TRUE,TRUE,0
